encoder_size,experiment_name,model,seed,test_acc,train_acc,transfer,tune_acc
512,t512fwcomp,comp,,0.65625,0.890625,True,0.6802083343
512,t512fwcomp,comp,,0.6555059531,0.8506578952,True,0.6645833343
512,t512fwcomp,comp,,0.6540178571,0.8498355268000001,True,0.684375
512,t512fwcomp,comp,,0.6398809531,0.8774671053,True,0.70625
512,t512fwcomp,comp,,0.6577380959,0.9860197368000001,True,0.6708333343
512,t512fwcomp,comp,,0.6369047633,0.8618421053,True,0.6729166687
512,t512fwcomp,comp,,0.6361607143,0.7782894742,True,0.665625
512,t512fwcomp,comp,,0.6592261919,0.7671052633,True,0.6854166687000001
512,t512fwcomp,comp,,0.6473214286,0.9975328947,True,0.6854166687000001
512,t512fwcomp,comp,,0.6361607143,0.9819078947,True,0.675
512,t512fwcomp,comp,,0.6502976205,0.9268092105,True,0.6791666687000001
512,t512fwcomp,comp,,0.6599702388,0.9991776316,True,0.6760416687
512,t512fwcomp,comp,,0.6376488102000001,0.9235197368000001,True,0.6666666687
512,t512fwcomp,comp,,0.6480654776,0.9210526316,True,0.6947916687000001
512,t512fwcomp,comp,,0.6153273817,0.9481907895,True,0.69375
512,t512fwcomp,comp,,0.6294642857,0.9024671056999999,True,0.6916666687
512,t512fwcomp,comp,,0.6324404776,0.9246710531,True,0.6677083343
512,t512fwcomp,comp,,0.6867559531,0.9925986842,True,0.6760416687
512,t512fwcomp,comp,,0.6346726205,0.8996710526,True,0.6947916687000001
512,t512fwcomp,comp,,0.6428571429,0.8554276314,True,0.69375
2048,t2048fwcomp,comp,,0.6138392857,0.7643092109999999,True,0.6854166687000001
2048,t2048fwcomp,comp,,0.6056547633,0.7062500002,True,0.6604166686999999
2048,t2048fwcomp,comp,,0.5952380959,0.7185855265000001,True,0.6770833343000001
2048,t2048fwcomp,comp,,0.5818452388,0.7222039472,True,0.6666666687
2048,t2048fwcomp,comp,,0.5930059531,0.6889802633,True,0.671875
2048,t2048fwcomp,comp,,0.6577380959,0.7692434215,True,0.6885416687
2048,t2048fwcomp,comp,,0.6019345245000001,0.7103618423,True,0.6604166686999999
2048,t2048fwcomp,comp,,0.5892857143,0.6958881577,True,0.65
2048,t2048fwcomp,comp,,0.6116071429,0.6945723687,True,0.6604166686999999
2048,t2048fwcomp,comp,,0.5833333347999999,0.6832236844,True,0.6697916687
2048,t2048fwcomp,comp,,0.6071428571,0.7108552636,True,0.6760416687
2048,t2048fwcomp,comp,,0.5997023817,0.7440789475,True,0.6604166686999999
2048,t2048fwcomp,comp,,0.5796130959,0.7284539475,True,0.6677083343
2048,t2048fwcomp,comp,,0.6026785714,0.6855263161,True,0.6635416687
2048,t2048fwcomp,comp,,0.6264880959,0.7975328948999999,True,0.6697916687
2048,t2048fwcomp,comp,,0.5744047633,0.7029605265000001,True,0.6708333343
2048,t2048fwcomp,comp,,0.609375,0.8111842109999999,True,0.6791666687000001
2048,t2048fwcomp,comp,,0.6026785714,0.6893092104,True,0.678125
2048,t2048fwcomp,comp,,0.6011904776,0.7069078951000001,True,0.6666666687
2048,t2048fwcomp,comp,,0.5997023817,0.7062500002,True,0.6697916687
2048,r2048fwcomp,comp,,0.5773809531,0.7074013156,False,0.6729166687
2048,r2048fwcomp,comp,,0.6212797633,0.7407894737999999,False,0.6760416687
2048,r2048fwcomp,comp,,0.5967261919,0.7069078951000001,False,0.6666666687
2048,r2048fwcomp,comp,,0.5825892857,0.7210526317,False,0.6635416687
2048,r2048fwcomp,comp,,0.5974702388,0.8230263159000001,False,0.6864583343
2048,r2048fwcomp,comp,,0.5892857143,0.7884868423,False,0.6822916687
2048,r2048fwcomp,comp,,0.5952380959,0.7342105265000001,False,0.6666666687
2048,r2048fwcomp,comp,,0.6004464286,0.6993421056999999,False,0.6854166687000001
2048,r2048fwcomp,comp,,0.5364583347999999,0.6934210525,False,0.66875
2048,r2048fwcomp,comp,,0.5930059531,0.7555921054000001,False,0.6864583343
2048,r2048fwcomp,comp,,0.6361607143,0.8194078952,False,0.6760416687
2048,r2048fwcomp,comp,,0.6160714286,0.7618421056999999,False,0.6885416687
2048,r2048fwcomp,comp,,0.610119049,0.7481907896,False,0.6614583343
2048,r2048fwcomp,comp,,0.6324404776,0.7613486844,False,0.6697916687
2048,r2048fwcomp,comp,,0.6168154776,0.6955592106999999,False,0.6791666687000001
2048,r2048fwcomp,comp,,0.6168154776,0.6955592106999999,False,0.6791666687000001
2048,r2048fwcomp,comp,,0.6168154776,0.6955592106999999,False,0.6791666687000001
2048,r2048fwcomp,comp,,0.6168154776,0.6955592106999999,False,0.6791666687000001
2048,r2048fwcomp,comp,,0.6168154776,0.6955592106999999,False,0.6791666687000001
2048,r2048fwcomp,comp,,0.6168154776,0.6955592106999999,False,0.6791666687000001
1024,t1024fwcomp,comp,,0.5796130959,0.6980263159000001,True,0.65
1024,t1024fwcomp,comp,,0.5930059531,0.8378289475,True,0.659375
1024,t1024fwcomp,comp,,0.6309523817,0.8736842109999999,True,0.6791666687000001
1024,t1024fwcomp,comp,,0.5639880959,0.9712171053,True,0.6864583343
1024,t1024fwcomp,comp,,0.5848214286,0.6999999998,True,0.6697916687
1024,t1024fwcomp,comp,,0.6116071429,0.8300986847,True,0.6979166687
1024,t1024fwcomp,comp,,0.6004464286,0.8011513156,True,0.6802083343
1024,t1024fwcomp,comp,,0.5870535714,0.7873355268000001,True,0.665625
1024,t1024fwcomp,comp,,0.5639880959,0.6884868419,True,0.6625
1024,t1024fwcomp,comp,,0.5892857143,0.7950657896,True,0.6677083343
1024,t1024fwcomp,comp,,0.5892857143,0.7118421056,True,0.6604166686999999
1024,t1024fwcomp,comp,,0.6324404776,0.9016447373,True,0.684375
1024,t1024fwcomp,comp,,0.6309523817,0.8531250005,True,0.6708333343
1024,t1024fwcomp,comp,,0.5766369062,0.9164473689,True,0.6708333343
1024,t1024fwcomp,comp,,0.5654761919,0.7348684214,True,0.6708333343
1024,t1024fwcomp,comp,,0.610119049,0.8819078952,True,0.6802083343
1024,t1024fwcomp,comp,,0.6242559531,0.8871710528,True,0.7010416687000001
1024,t1024fwcomp,comp,,0.6108630959,0.8304276317,True,0.6677083343
1024,t1024fwcomp,comp,,0.5974702388,0.7580592106999999,True,0.6697916687
1024,t1024fwcomp,comp,,0.6056547633,0.7074013156,True,0.6645833343
1024,r1024fwcomp,comp,663.0,0.59375,0.7133223688916156,False,0.653125
1024,r1024fwcomp,comp,7682.0,0.5915178571428571,0.807401315946328,False,0.683333334326744
1024,r1024fwcomp,comp,5658.0,0.6421130959476743,0.8189144738410649,False,0.667708334326744
1024,r1024fwcomp,comp,5037.0,0.5491071428571429,0.6873355264726438,False,0.652083334326744
1024,r1024fwcomp,comp,9615.0,0.625,0.8317434215231946,False,0.667708334326744
1024,r1024fwcomp,comp,2418.0,0.5833333347524915,0.9263157899442472,False,0.665625
1024,r1024fwcomp,comp,6976.0,0.6257440490382058,0.7600328945799878,False,0.6885416686534882
1024,r1024fwcomp,comp,1574.0,0.5870535714285714,0.7819078948936964,False,0.6895833343267441
1024,r1024fwcomp,comp,7440.0,0.5982142857142857,0.8476973685779069,False,0.6958333343267441
1024,r1024fwcomp,comp,7167.0,0.623511906181063,0.7822368419484088,False,0.6666666686534881
1024,r1024fwcomp,comp,5908.0,0.6220238102333886,0.8307565787905141,False,0.678125
1024,r1024fwcomp,comp,9010.0,0.5885416673762458,0.7555921054200122,False,0.6854166686534882
1024,r1024fwcomp,comp,3763.0,0.6063988102333886,0.8414473682641983,False,0.6697916686534882
1024,r1024fwcomp,comp,1323.0,0.5907738102333886,0.8495065789473685,False,0.671875
1024,r1024fwcomp,comp,3838.0,0.6108630959476743,0.7297697373126683,False,0.6697916686534882
1024,r1024fwcomp,comp,3422.0,0.5736607142857143,0.7937499998431456,False,0.6947916686534882
1024,r1024fwcomp,comp,2025.0,0.6279761918953487,0.7391447369989596,False,0.6760416686534881
1024,r1024fwcomp,comp,3102.0,0.6049107142857143,0.8600328948936964,False,0.678125
1024,r1024fwcomp,comp,8981.0,0.5773809530905315,0.7314144741547736,False,0.6625
1024,r1024fwcomp,comp,4102.0,0.6086309530905315,0.8292763162600366,False,0.6770833343267441
512,r512fwcomp,comp,663.0,0.6287202388048172,0.9123355267863524,False,0.6625
512,r512fwcomp,comp,7245.0,0.5959821428571429,0.7296052630010404,False,0.667708334326744
512,r512fwcomp,comp,9134.0,0.6279761918953487,0.8399671057337209,False,0.6885416686534882
512,r512fwcomp,comp,7325.0,0.625,0.8251644741547736,False,0.6854166686534882
512,r512fwcomp,comp,7413.0,0.6153273816619601,0.8029605267863524,False,0.6760416686534881
512,r512fwcomp,comp,9443.0,0.6436011918953487,0.7215460531021419,False,0.6760416686534881
512,r512fwcomp,comp,5.0,0.6168154776096344,0.7177631580515912,False,0.6572916686534882
512,r512fwcomp,comp,2166.0,0.6108630959476743,0.8884868425758261,False,0.6895833343267441
512,r512fwcomp,comp,4390.0,0.6361607142857143,0.7824013162600366,False,0.6791666686534882
512,r512fwcomp,comp,4887.0,0.6220238102333886,0.7848684215231946,False,0.6729166686534882
512,r512fwcomp,comp,4411.0,0.6019345245191029,0.7057565787905141,False,0.6822916686534881
512,r512fwcomp,comp,3687.0,0.6205357142857143,0.7300986843673807,False,0.6604166686534881
512,r512fwcomp,comp,4759.0,0.6376488102333886,0.7248355267863524,False,0.6666666686534881
512,r512fwcomp,comp,8101.0,0.6197916673762458,0.8695723688916156,False,0.665625
512,r512fwcomp,comp,7353.0,0.6436011918953487,0.8366776320495104,False,0.6666666686534881
512,r512fwcomp,comp,841.0,0.6138392857142857,0.8745065794179314,False,0.6697916686534882
512,r512fwcomp,comp,2598.0,0.6220238102333886,0.9046052631578948,False,0.6791666686534882
512,r512fwcomp,comp,3463.0,0.640625,0.7909539475252754,False,0.665625
512,r512fwcomp,comp,1954.0,0.6324404776096344,0.7379934215231946,False,0.6729166686534882
512,r512fwcomp,comp,5471.0,0.5944940490382058,0.9468750004705628,False,0.6510416686534881
300,t300fwcomp,comp,663.0,0.6383928571428571,0.8501644738410649,True,0.6979166686534881
300,t300fwcomp,comp,8376.0,0.6287202388048172,0.6935855267863524,True,0.659375
300,t300fwcomp,comp,9442.0,0.6123511918953487,0.9646381578947368,True,0.6854166686534882
300,t300fwcomp,comp,6659.0,0.6287202388048172,0.8202302636284577,True,0.6885416686534882
300,t300fwcomp,comp,7614.0,0.6488095245191029,0.7407894738410649,True,0.6635416686534882
300,t300fwcomp,comp,6600.0,0.6197916673762458,0.7815789478389841,True,0.6604166686534881
300,t300fwcomp,comp,3831.0,0.6421130959476743,0.8062500004705629,True,0.6697916686534882
300,t300fwcomp,comp,587.0,0.6212797633239201,0.7972039478389841,True,0.6666666686534881
300,t300fwcomp,comp,5323.0,0.623511906181063,0.8687500004705629,True,0.6729166686534882
300,t300fwcomp,comp,3201.0,0.6264880959476743,0.7955592109968788,True,0.6729166686534882
300,t300fwcomp,comp,2052.0,0.6428571428571429,0.7577302636284577,True,0.6666666686534881
300,t300fwcomp,comp,1306.0,0.6041666673762458,0.6996710527884332,True,0.665625
300,t300fwcomp,comp,671.0,0.6532738102333886,0.7963815794179314,True,0.6791666686534882
300,t300fwcomp,comp,7802.0,0.6540178571428571,0.8177631583652998,True,0.6760416686534881
300,t300fwcomp,comp,5535.0,0.6212797633239201,0.7947368425758261,True,0.6979166686534881
300,t300fwcomp,comp,3598.0,0.6071428571428571,0.6884868419484088,True,0.671875
300,t300fwcomp,comp,7273.0,0.6331845245191029,0.7004934212094859,True,0.68125
300,t300fwcomp,comp,9074.0,0.6264880959476743,0.7013157896305385,True,0.653125
300,t300fwcomp,comp,2992.0,0.6175595245191029,0.744901315946328,True,0.66875
300,t300fwcomp,comp,2814.0,0.6242559530905315,0.8046052636284577,True,0.665625
300,r300fwcomp,comp,663.0,0.6577380959476743,0.6999999998431456,False,0.678125
300,r300fwcomp,comp,1872.0,0.6183035714285714,0.7065789472115668,False,0.659375
300,r300fwcomp,comp,5887.0,0.6287202388048172,0.7914473688916156,False,0.6854166686534882
300,r300fwcomp,comp,8295.0,0.6428571428571429,0.744901315946328,False,0.6572916686534882
300,r300fwcomp,comp,8376.0,0.6302083347524915,0.8802631583652998,False,0.6760416686534881
300,r300fwcomp,comp,9442.0,0.640625,0.7588815791042227,False,0.667708334326744
300,r300fwcomp,comp,6659.0,0.6175595245191029,0.7062500001568544,False,0.66875
300,r300fwcomp,comp,5667.0,0.6302083347524915,0.8194078952074051,False,0.6822916686534881
300,r300fwcomp,comp,8104.0,0.639136906181063,0.8251644741547736,False,0.678125
300,r300fwcomp,comp,2926.0,0.6309523816619601,0.7161184212094859,False,0.659375
300,r300fwcomp,comp,7947.0,0.6428571428571429,0.828125,False,0.6760416686534881
300,r300fwcomp,comp,565.0,0.6316964285714286,0.7495065794179314,False,0.6541666686534882
300,r300fwcomp,comp,4306.0,0.6495535714285714,0.8197368422621175,False,0.6822916686534881
300,r300fwcomp,comp,7984.0,0.6183035714285714,0.7029605264726438,False,0.66875
300,r300fwcomp,comp,2336.0,0.6540178571428571,0.7404605267863524,False,0.6697916686534882
300,r300fwcomp,comp,9495.0,0.6130952388048172,0.8111842109968788,False,0.671875
300,r300fwcomp,comp,3043.0,0.6413690490382058,0.8358552636284577,False,0.6666666686534881
300,r300fwcomp,comp,7975.0,0.6331845245191029,0.7700657899442472,False,0.6791666686534882
300,r300fwcomp,comp,5397.0,0.6257440490382058,0.8399671057337209,False,0.6666666686534881
300,r300fwcomp,comp,8864.0,0.6584821428571429,0.7601973688916156,False,0.6697916686534882
100,t100fwcomp,comp,663.0,0.6205357142857143,0.8246710527884332,True,0.6822916686534881
100,t100fwcomp,comp,7014.0,0.6421130959476743,0.7626644741547736,True,0.6729166686534882
100,t100fwcomp,comp,6269.0,0.6666666673762458,0.8078947373126683,True,0.675
100,t100fwcomp,comp,990.0,0.6212797633239201,0.9588815789473684,True,0.6572916686534882
100,t100fwcomp,comp,1990.0,0.654761906181063,0.8490131583652998,True,0.6822916686534881
100,t100fwcomp,comp,6199.0,0.6659226204667773,0.7988486846810893,True,0.6947916686534882
100,t100fwcomp,comp,5514.0,0.6227678571428571,0.9128289473684208,True,0.6791666686534882
100,t100fwcomp,comp,5454.0,0.6607142857142857,0.8103618425758261,True,0.6697916686534882
100,t100fwcomp,comp,627.0,0.6294642857142857,0.8769736846810893,True,0.6854166686534882
100,t100fwcomp,comp,1714.0,0.6473214285714286,0.7659539478389841,True,0.6697916686534882
100,t100fwcomp,comp,818.0,0.6584821428571429,0.9481907894736842,True,0.684375
100,t100fwcomp,comp,3370.0,0.6502976204667773,0.8287828948936964,True,0.6729166686534882
100,t100fwcomp,comp,2331.0,0.6108630959476743,0.7774671057337209,True,0.665625
100,t100fwcomp,comp,1819.0,0.6108630959476743,0.9777960526315792,True,0.6822916686534881
100,t100fwcomp,comp,5010.0,0.6041666673762458,0.7465460527884332,True,0.6541666686534882
100,t100fwcomp,comp,3673.0,0.6577380959476743,0.8189144738410649,True,0.6729166686534882
100,t100fwcomp,comp,7057.0,0.6495535714285714,0.8070723688916156,True,0.6802083343267441
100,t100fwcomp,comp,8343.0,0.6138392857142857,0.9432565789473684,True,0.678125
100,t100fwcomp,comp,9613.0,0.6450892857142857,0.8736842109968788,True,0.6854166686534882
100,t100fwcomp,comp,6593.0,0.6778273816619601,0.8249999998431456,True,0.6854166686534882
100,r100fwcomp,comp,663.0,0.5982142857142857,0.764144736685251,False,0.6510416686534881
100,r100fwcomp,comp,7245.0,0.6555059530905315,0.7741776320495104,False,0.6760416686534881
100,r100fwcomp,comp,4986.0,0.6026785714285714,0.9013157894736842,False,0.6885416686534882
100,r100fwcomp,comp,5202.0,0.6354166673762458,0.8695723688916156,False,0.6697916686534882
100,r100fwcomp,comp,9628.0,0.6130952388048172,0.9580592105263158,False,0.6822916686534881
100,r100fwcomp,comp,3573.0,0.6331845245191029,0.7675986846810893,False,0.671875
100,r100fwcomp,comp,2751.0,0.6450892857142857,0.8317434215231946,False,0.6760416686534881
100,r100fwcomp,comp,4917.0,0.6502976204667773,0.7440789475252754,False,0.6729166686534882
100,r100fwcomp,comp,5086.0,0.6540178571428571,0.8189144738410649,False,0.6645833343267441
100,r100fwcomp,comp,6542.0,0.6331845245191029,0.8731907896305385,False,0.6625
100,r100fwcomp,comp,1301.0,0.6502976204667773,0.8687500004705629,False,0.6666666686534881
100,r100fwcomp,comp,4908.0,0.6272321428571429,0.8758223684210527,False,0.6791666686534882
100,r100fwcomp,comp,9592.0,0.6428571428571429,0.9449013157894736,False,0.6802083343267441
100,r100fwcomp,comp,2965.0,0.6488095245191029,0.7708881583652998,False,0.68125
100,r100fwcomp,comp,7196.0,0.6331845245191029,0.7542763156326193,False,0.6635416686534882
100,r100fwcomp,comp,6690.0,0.6354166673762458,0.8078947373126683,False,0.671875
100,r100fwcomp,comp,1994.0,0.6309523816619601,0.901151315946328,False,0.6760416686534881
100,r100fwcomp,comp,8486.0,0.6138392857142857,0.7259868422621175,False,0.66875
100,r100fwcomp,comp,3933.0,0.6011904776096344,0.7733552636284577,False,0.6791666686534882
100,r100fwcomp,comp,415.0,0.640625,0.939967105263158,False,0.6791666686534882
640,t640fwcomprw2,comprw2,663.0,0.5974702388048172,0.9342105263157896,True,0.678125
640,t640fwcomprw2,comprw2,2840.0,0.607886906181063,0.8049342106831702,True,0.6822916686534881
640,t640fwcomprw2,comprw2,6422.0,0.6450892857142857,0.8822368422621175,True,0.6760416686534881
640,t640fwcomprw2,comprw2,2945.0,0.6153273816619601,0.8029605267863524,True,0.6791666686534882
640,t640fwcomprw2,comprw2,2376.0,0.6145833347524915,0.845230263314749,True,0.683333334326744
640,t640fwcomprw2,comprw2,6094.0,0.5535714285714286,0.7004934212094859,True,0.65625
640,t640fwcomprw2,comprw2,7265.0,0.5885416673762458,0.7314144741547736,True,0.6697916686534882
640,t640fwcomprw2,comprw2,8378.0,0.6205357142857143,0.9893092105263158,True,0.665625
640,t640fwcomprw2,comprw2,9213.0,0.6264880959476743,0.7996710531021419,True,0.6895833343267441
640,t640fwcomprw2,comprw2,9647.0,0.5811011918953487,0.7473684212094859,True,0.684375
640,t640fwcomprw2,comprw2,7552.0,0.6049107142857143,0.6983552630010404,True,0.671875
640,t640fwcomprw2,comprw2,3866.0,0.5900297633239201,0.8967105267863524,True,0.6697916686534882
640,t640fwcomprw2,comprw2,739.0,0.6220238102333886,0.8218750004705629,True,0.667708334326744
640,t640fwcomprw2,comprw2,5294.0,0.5967261918953487,0.676973684053672,True,0.6489583343267441
640,t640fwcomprw2,comprw2,4276.0,0.6599702388048172,0.8485197369989596,True,0.6895833343267441
640,t640fwcomprw2,comprw2,3546.0,0.6197916673762458,0.9375,True,0.6979166686534881
640,t640fwcomprw2,comprw2,5083.0,0.6160714285714286,0.9613486842105264,True,0.68125
640,t640fwcomprw2,comprw2,5421.0,0.592261906181063,0.7345394735273562,True,0.6666666686534881
640,t640fwcomprw2,comprw2,4751.0,0.6264880959476743,0.8078947373126683,True,0.675
640,t640fwcomprw2,comprw2,7833.0,0.6063988102333886,0.8611842103694615,True,0.6697916686534882
512,t512fwcompcHalf,compc,663.0,0.5788690490382058,0.7911184210526315,True,0.65
512,t512fwcompcHalf,compc,1809.0,0.6212797633239201,0.9268092105263158,True,0.6666666686534881
512,t512fwcompcHalf,compc,3663.0,0.6004464285714286,0.8001644736842105,True,0.6708333343267441
512,t512fwcompcHalf,compc,4166.0,0.6190476204667773,0.6934210524747246,True,0.652083334326744
512,t512fwcompcHalf,compc,4277.0,0.5565476204667773,0.7371710531021419,True,0.6770833343267441
512,t512fwcompcHalf,compc,7485.0,0.5617559530905315,0.7161184212094859,True,0.640625
512,t512fwcompcHalf,compc,3053.0,0.5595238102333886,0.8037828952074051,True,0.6770833343267441
512,t512fwcompcHalf,compc,2139.0,0.545386906181063,0.7960526315789473,True,0.6625
512,t512fwcompcHalf,compc,2038.0,0.6086309530905315,0.9498355263157896,True,0.6802083343267441
512,t512fwcompcHalf,compc,556.0,0.5915178571428571,0.875,True,0.6635416686534882
512,t512fwcompcHalf,compc,3862.0,0.5877976204667773,0.8848684210526315,True,0.675
512,t512fwcompcHalf,compc,233.0,0.5729166673762458,0.9202302631578948,True,0.6760416686534881
512,t512fwcompcHalf,compc,8120.0,0.576636906181063,0.7029605264726438,True,0.6614583343267441
512,t512fwcompcHalf,compc,1931.0,0.5751488102333886,0.8029605267863524,True,0.6666666686534881
512,t512fwcompcHalf,compc,780.0,0.6123511918953487,0.9629934210526316,True,0.7052083343267441
512,t512fwcompcHalf,compc,9958.0,0.5967261918953487,0.7560855267863524,True,0.6645833343267441
512,t512fwcompcHalf,compc,6787.0,0.5691964285714286,0.9185855263157896,True,0.652083334326744
512,t512fwcompcHalf,compc,6406.0,0.5870535714285714,0.8412828947368421,True,0.6604166686534881
512,t512fwcompcHalf,compc,7048.0,0.6160714285714286,0.8248355263157895,True,0.6802083343267441
512,t512fwcompcHalf,compc,9609.0,0.5877976204667773,0.7782894741547736,True,0.678125
512,t512fwcompHalf,comp,663.0,0.6540178571428571,0.9159539475252754,True,0.6854166686534882
512,t512fwcompHalf,comp,8301.0,0.6376488102333886,0.981907894736842,True,0.675
512,t512fwcompHalf,comp,9438.0,0.6101190490382058,0.7133223688916156,True,0.665625
512,t512fwcompHalf,comp,5691.0,0.6421130959476743,0.8049342106831702,True,0.6802083343267441
512,t512fwcompHalf,comp,4494.0,0.6644345245191029,0.9317434210526316,True,0.6885416686534882
512,t512fwcompHalf,comp,8168.0,0.6279761918953487,0.908717105263158,True,0.6791666686534882
512,t512fwcompHalf,comp,6427.0,0.639136906181063,0.7654605264726438,True,0.6854166686534882
512,t512fwcompHalf,comp,2108.0,0.6688988102333886,0.9375,True,0.6885416686534882
512,t512fwcompHalf,comp,7089.0,0.6369047633239201,0.8481907899442472,True,0.6947916686534882
512,t512fwcompHalf,comp,8284.0,0.6525297633239201,0.9671052631578948,True,0.6822916686534881
512,t512fwcompHalf,comp,8367.0,0.6316964285714286,0.8643092105263158,True,0.6822916686534881
512,t512fwcompHalf,comp,3229.0,0.6316964285714286,0.9300986842105264,True,0.684375
512,t512fwcompHalf,comp,4998.0,0.6517857142857143,0.7868421054200122,True,0.6760416686534881
512,t512fwcompHalf,comp,7429.0,0.6815476204667773,0.8498355267863524,True,0.6979166686534881
512,t512fwcompHalf,comp,802.0,0.6458333347524915,0.8449013162600366,True,0.6760416686534881
512,t512fwcompHalf,comp,7711.0,0.6488095245191029,0.8503289473684209,True,0.6729166686534882
512,t512fwcompHalf,comp,6439.0,0.6473214285714286,0.7700657899442472,True,0.6885416686534882
512,t512fwcompHalf,comp,205.0,0.6525297633239201,0.8835526320495104,True,0.6760416686534881
512,t512fwcompHalf,comp,324.0,0.6666666673762458,0.7725328952074051,True,0.6697916686534882
512,t512fwcompHalf,comp,8661.0,0.6324404776096344,0.7991776317358017,True,0.6791666686534882
512,t512fwcompc,compc,663.0,0.5788690490382058,0.7911184210526315,True,0.65
512,t512fwcompc,compc,7682.0,0.6019345245191029,0.9481907894736842,True,0.678125
512,t512fwcompc,compc,6499.0,0.5639880959476743,0.9465460526315792,True,0.6760416686534881
512,t512fwcompc,compc,5934.0,0.5669642857142857,0.8305921052631579,True,0.6895833343267441
512,t512fwcompc,compc,562.0,0.5625,0.7345394735273562,True,0.6635416686534882
512,t512fwcompc,compc,7053.0,0.6175595245191029,0.890625,True,0.6760416686534881
512,t512fwcompc,compc,4991.0,0.6160714285714286,1.0,True,0.6739583343267441
512,t512fwcompc,compc,3370.0,0.5833333347524915,0.939967105263158,True,0.65625
512,t512fwcompc,compc,2130.0,0.5877976204667773,0.7009868425758261,True,0.6427083343267441
512,t512fwcompc,compc,9590.0,0.5788690490382058,0.8322368421052632,True,0.6697916686534882
512,t512fwcompc,compc,6066.0,0.5528273816619601,0.7802631580515912,True,0.6572916686534882
512,t512fwcompc,compc,7192.0,0.5677083347524915,0.7177631580515912,True,0.6614583343267441
512,t512fwcompc,compc,6977.0,0.6443452388048172,0.8881578947368421,True,0.6739583343267441
512,t512fwcompc,compc,308.0,0.5773809530905315,0.7026315794179314,True,0.6770833343267441
512,t512fwcompc,compc,248.0,0.6316964285714286,0.9103618421052632,True,0.6708333343267441
512,t512fwcompc,compc,4250.0,0.5967261918953487,0.8651315789473685,True,0.6416666686534882
512,t512fwcompc,compc,7180.0,0.6004464285714286,0.8585526315789473,True,0.6875
512,t512fwcompc,compc,1530.0,0.5647321428571429,0.7013157896305385,True,0.6708333343267441
512,t512fwcompc,compc,9969.0,0.6108630959476743,0.7560855267863524,True,0.6864583343267441
512,t512fwcompc,compc,3426.0,0.5751488102333886,1.0,True,0.6739583343267441
512,t512fwcompcN,compc,663.0,0.5944940490382058,0.9777960526315792,True,0.6739583343267441
512,t512fwcompcN,compc,1872.0,0.5892857142857143,0.7988486846810893,True,0.6416666686534882
512,t512fwcompcN,compc,928.0,0.5699404776096344,0.8601973684210527,True,0.6635416686534882
512,t512fwcompcN,compc,7041.0,0.5394345245191029,0.9605263157894736,True,0.6302083343267441
512,t512fwcompcN,compc,6685.0,0.5342261918953487,0.7164473682641983,True,0.6395833343267441
512,t512fwcompcN,compc,3279.0,0.5364583347524915,0.9481907894736842,True,0.6458333343267441
512,t512fwcompcN,compc,9676.0,0.5930059530905315,0.9366776315789472,True,0.652083334326744
512,t512fwcompcN,compc,3138.0,0.5394345245191029,0.8873355263157895,True,0.6375
512,t512fwcompcN,compc,463.0,0.5751488102333886,0.8815789473684209,True,0.6510416686534881
512,t512fwcompcN,compc,4953.0,0.5662202388048172,1.0,True,0.6614583343267441
512,t512fwcompcN,compc,6851.0,0.5788690490382058,0.8740131580515912,True,0.6395833343267441
512,t512fwcompcN,compc,2744.0,0.5662202388048172,0.8832236842105263,True,0.6416666686534882
512,t512fwcompcN,compc,2349.0,0.5811011918953487,0.7606907894736842,True,0.6447916686534881
512,t512fwcompcN,compc,5649.0,0.5788690490382058,1.0,True,0.6697916686534882
512,t512fwcompcN,compc,7117.0,0.6190476204667773,0.9695723684210528,True,0.6541666686534882
512,t512fwcompcN,compc,806.0,0.5744047633239201,0.9728618421052632,True,0.6666666686534881
512,t512fwcompcN,compc,1025.0,0.5520833347524915,0.7815789478389841,True,0.6395833343267441
512,t512fwcompcN,compc,1854.0,0.5587797633239201,0.9909539473684208,True,0.6572916686534882
512,t512fwcompcN,compc,7305.0,0.5751488102333886,0.9942434210526316,True,0.6635416686534882
512,t512fwcompcN,compc,1646.0,0.5811011918953487,0.9958881578947368,True,0.652083334326744
512,t512fwcompN,comp,663.0,0.6822916673762458,0.890625,True,0.6760416686534881
512,t512fwcompN,comp,7682.0,0.6339285714285714,0.9745065789473684,True,0.6666666686534881
512,t512fwcompN,comp,5658.0,0.6294642857142857,0.8128289478389841,True,0.6854166686534882
512,t512fwcompN,comp,9348.0,0.6696428571428571,0.8205592106831702,True,0.6854166686534882
512,t512fwcompN,comp,5073.0,0.6428571428571429,0.7519736846810893,True,0.6708333343267441
512,t512fwcompN,comp,9852.0,0.6316964285714286,0.7095394738410649,True,0.6625
512,t512fwcompN,comp,9131.0,0.6607142857142857,0.9024671057337208,True,0.6916666686534881
512,t512fwcompN,comp,1928.0,0.6488095245191029,0.8317434215231946,True,0.6875
512,t512fwcompN,comp,5292.0,0.6592261918953487,0.8585526315789473,True,0.6666666686534881
512,t512fwcompN,comp,656.0,0.6458333347524915,0.9185855263157896,True,0.6572916686534882
512,t512fwcompN,comp,9745.0,0.6257440490382058,0.8180921054200122,True,0.6854166686534882
512,t512fwcompN,comp,5354.0,0.6622023816619601,0.9802631578947368,True,0.6822916686534881
512,t512fwcompN,comp,8278.0,0.6138392857142857,0.7111842106831702,True,0.6885416686534882
512,t512fwcompN,comp,219.0,0.6272321428571429,0.8835526320495104,True,0.6791666686534882
512,t512fwcompN,comp,5177.0,0.6577380959476743,0.8315789472115668,True,0.7010416686534882
512,t512fwcompN,comp,9185.0,0.6450892857142857,0.8526315791042227,True,0.665625
512,t512fwcompN,comp,8488.0,0.6331845245191029,0.8868421057337209,True,0.6666666686534881
512,t512fwcompN,comp,2141.0,0.6755952388048172,0.9794407894736842,True,0.683333334326744
512,t512fwcompN,comp,8486.0,0.6644345245191029,0.96875,True,0.7010416686534882
512,t512fwcompN,comp,5014.0,0.6294642857142857,0.7013157896305385,True,0.6697916686534882
2048,compX,comp,6890.0,0.5870535714285714,0.6978618424189719,True,0.671875
2048,compX,comp,8282.0,0.5870535714285714,0.7258223687347612,True,0.6760416686534881
2048,compX,comp,669.0,0.5982142857142857,0.7251644738410649,True,0.6697916686534882
2048,compX,comp,8624.0,0.6063988102333886,0.7679276317358017,True,0.6697916686534882
2048,compX,comp,3413.0,0.5505952388048172,0.673355263314749,True,0.6697916686534882
2048,compX,comp,2158.0,0.5855654776096344,0.9375,True,0.6729166686534882
2048,compX,comp,4352.0,0.5572916673762458,0.7185855264726438,True,0.66875
2048,compX,comp,2690.0,0.5997023816619601,0.7679276317358017,True,0.6666666686534881
2048,compX,comp,6299.0,0.5989583347524915,0.7536184215231946,True,0.6739583343267441
2048,compX,comp,2410.0,0.5930059530905315,0.7583881577378825,True,0.6666666686534881
2048,compX,comp,8393.0,0.5974702388048172,0.7539473685779069,True,0.6729166686534882
2048,compX,comp,2297.0,0.6116071428571429,0.7909539475252754,True,0.6635416686534882
2048,compX,comp,1109.0,0.5885416673762458,0.7789473682641983,True,0.6854166686534882
2048,compX,comp,3394.0,0.5788690490382058,0.6942434208957773,True,0.6635416686534882
2048,compX,comp,3518.0,0.6116071428571429,0.7342105264726438,True,0.6729166686534882
2048,compX,comp,7461.0,0.6011904776096344,0.7389802634716034,True,0.6697916686534882
2048,compX,comp,4119.0,0.6212797633239201,0.9041118425758259,True,0.68125
2048,compX,comp,1365.0,0.5252976204667773,0.682401315946328,True,0.6729166686534882
2048,compX,comp,739.0,0.6369047633239201,0.7651315794179314,True,0.6958333343267441
2048,compX,comp,590.0,0.6123511918953487,0.7407894738410649,True,0.665625
512,t512fwcomp,comp,663.0,0.65625,0.890625,True,0.6802083343267441
512,t512fwcomp,comp,8376.0,0.6555059530905315,0.8506578952074051,True,0.6645833343267441
512,t512fwcomp,comp,8489.0,0.6540178571428571,0.8498355267863524,True,0.684375
512,t512fwcomp,comp,6006.0,0.6398809530905315,0.8774671052631579,True,0.70625
512,t512fwcomp,comp,4506.0,0.6577380959476743,0.9860197368421052,True,0.6708333343267441
512,t512fwcomp,comp,724.0,0.6369047633239201,0.8618421052631579,True,0.6729166686534882
512,t512fwcomp,comp,6906.0,0.6361607142857143,0.7782894741547736,True,0.665625
512,t512fwcomp,comp,1668.0,0.6592261918953487,0.767105263314749,True,0.6854166686534882
512,t512fwcomp,comp,1769.0,0.6473214285714286,0.997532894736842,True,0.6854166686534882
512,t512fwcomp,comp,1557.0,0.6361607142857143,0.981907894736842,True,0.675
512,t512fwcomp,comp,3215.0,0.6502976204667773,0.9268092105263158,True,0.6791666686534882
512,t512fwcomp,comp,7501.0,0.6599702388048172,0.9991776315789472,True,0.6760416686534881
512,t512fwcomp,comp,5339.0,0.6376488102333886,0.9235197368421052,True,0.6666666686534881
512,t512fwcomp,comp,9311.0,0.6480654776096344,0.9210526315789472,True,0.6947916686534882
512,t512fwcomp,comp,2885.0,0.6153273816619601,0.9481907894736842,True,0.69375
512,t512fwcomp,comp,3485.0,0.6294642857142857,0.9024671057337208,True,0.6916666686534881
512,t512fwcomp,comp,3087.0,0.6324404776096344,0.924671053102142,True,0.667708334326744
512,t512fwcomp,comp,4779.0,0.6867559530905315,0.9925986842105264,True,0.6760416686534881
512,t512fwcomp,comp,9513.0,0.6346726204667773,0.8996710526315791,True,0.6947916686534882
512,t512fwcomp,comp,5800.0,0.6428571428571429,0.8554276314220931,True,0.69375
512,t512fwcomp,comp,4242.0,0.6577380959476743,0.7717105267863524,True,0.6625
512,t512fwcomp,comp,5519.0,0.6354166673762458,0.9054276315789472,True,0.6604166686534881
512,t512fwcomp,comp,8118.0,0.6465773816619601,0.90625,True,0.66875
512,t512fwcomp,comp,5627.0,0.6569940490382058,0.908717105263158,True,0.6822916686534881
512,t512fwcomp,comp,2437.0,0.6517857142857143,0.9407894736842104,True,0.6822916686534881
512,t512fwcomp,comp,9127.0,0.6272321428571429,0.8485197369989596,True,0.6625
512,t512fwcomp,comp,6612.0,0.6443452388048172,0.9884868421052632,True,0.6854166686534882
512,t512fwcomp,comp,7151.0,0.6555059530905315,0.9893092105263158,True,0.690625
512,t512fwcomp,comp,646.0,0.6495535714285714,0.9983552631578948,True,0.6854166686534882
512,t512fwcomp,comp,2560.0,0.6644345245191029,0.9292763157894736,True,0.6729166686534882
512,t512fwcomp,comp,4185.0,0.6354166673762458,0.8506578952074051,True,0.6791666686534882
512,t512fwcomp,comp,5667.0,0.6421130959476743,0.966282894736842,True,0.7041666686534882
512,t512fwcomp,comp,2332.0,0.6755952388048172,0.8330592105263158,True,0.684375
512,t512fwcomp,comp,1664.0,0.6413690490382058,0.720230263314749,True,0.6947916686534882
512,t512fwcomp,comp,8142.0,0.6450892857142857,0.971217105263158,True,0.6854166686534882
512,t512fwcomp,comp,4229.0,0.6369047633239201,0.9835526315789472,True,0.684375
512,t512fwcomp,comp,9736.0,0.6830357142857143,0.8312500001568544,True,0.6885416686534882
512,t512fwcomp,comp,9468.0,0.6279761918953487,0.7723684208957773,True,0.6854166686534882
512,t512fwcomp,comp,2091.0,0.6212797633239201,0.9300986842105264,True,0.6729166686534882
512,t512fwcomp,comp,5508.0,0.623511906181063,0.9794407894736842,True,0.6916666686534881
512,t512fwcomp,comp,6058.0,0.6502976204667773,0.921875,True,0.6729166686534882
512,t512fwcomp,comp,7520.0,0.65625,0.7723684208957773,True,0.6697916686534882
512,t512fwcomp,comp,3348.0,0.6175595245191029,0.8177631583652998,True,0.6635416686534882
512,t512fwcomp,comp,9538.0,0.6495535714285714,0.7851973685779069,True,0.6822916686534881
512,t512fwcomp,comp,6484.0,0.6436011918953487,0.7712171054200122,True,0.6791666686534882
512,t512fwcomp,comp,1032.0,0.6346726204667773,0.8268092109968788,True,0.684375
512,t512fwcomp,comp,4257.0,0.5959821428571429,0.7259868422621175,True,0.66875
512,t512fwcomp,comp,2459.0,0.6272321428571429,0.8317434215231946,True,0.684375
512,t512fwcomp,comp,8801.0,0.686011906181063,0.9523026315789472,True,0.6760416686534881
512,t512fwcomp,comp,8922.0,0.670386906181063,0.9189144741547736,True,0.6604166686534881
512,t512fwcomp,comp,9836.0,0.6681547633239201,0.751480263314749,True,0.6822916686534881
512,t512fwcomp,comp,5362.0,0.6264880959476743,0.8503289473684209,True,0.7010416686534882
512,t512fwcomp,comp,8427.0,0.6510416673762458,0.8333881583652998,True,0.68125
512,t512fwcomp,comp,7396.0,0.6175595245191029,0.9300986842105264,True,0.690625
512,t512fwcomp,comp,3869.0,0.6413690490382058,0.9827302631578948,True,0.6760416686534881
512,t512fwcomp,comp,4803.0,0.6160714285714286,0.7925986843673807,True,0.6760416686534881
512,t512fwcomp,comp,6556.0,0.6733630959476743,0.7674342103694615,True,0.6791666686534882
512,t512fwcomp,comp,33.0,0.6205357142857143,0.7029605264726438,True,0.671875
512,t512fwcomp,comp,1921.0,0.6510416673762458,0.9490131578947368,True,0.6947916686534882
512,t512fwcomp,comp,6042.0,0.6629464285714286,0.9884868421052632,True,0.6760416686534881
512,t512fwcomp,comp,1454.0,0.6473214285714286,0.7065789472115668,True,0.6760416686534881
512,t512fwcomp,comp,4876.0,0.6398809530905315,0.9440789473684208,True,0.6822916686534881
512,t512fwcomp,comp,1658.0,0.6532738102333886,0.9736842105263158,True,0.6697916686534882
512,t512fwcomp,comp,6244.0,0.6532738102333886,0.9588815789473684,True,0.659375
512,t512fwcomp,comp,9817.0,0.65625,0.9597039473684208,True,0.671875
512,t512fwcomp,comp,2463.0,0.6465773816619601,0.8513157893168298,True,0.6760416686534881
512,t512fwcomp,comp,1908.0,0.6376488102333886,0.8481907899442472,True,0.7010416686534882
512,t512fwcomp,comp,7203.0,0.6242559530905315,0.7695723685779069,True,0.6697916686534882
512,t512fwcomp,comp,3113.0,0.6465773816619601,0.9095394736842104,True,0.6791666686534882
512,t512fwcomp,comp,5911.0,0.6480654776096344,0.9934210526315792,True,0.6791666686534882
512,t512fwcomp,comp,9664.0,0.6398809530905315,0.7889802636284577,True,0.684375
512,t512fwcomp,comp,1307.0,0.6458333347524915,0.90625,True,0.6760416686534881
512,t512fwcomp,comp,956.0,0.6577380959476743,0.9860197368421052,True,0.6791666686534882
512,t512fwcomp,comp,7210.0,0.6450892857142857,0.8695723688916156,True,0.6760416686534881
512,t512fwcomp,comp,3420.0,0.6369047633239201,0.782730263314749,True,0.671875
512,t512fwcomp,comp,9362.0,0.6443452388048172,0.8320723685779069,True,0.6760416686534881
512,t512fwcomp,comp,6277.0,0.6488095245191029,0.9498355263157896,True,0.6875
512,t512fwcomp,comp,454.0,0.6711309530905315,0.9449013157894736,True,0.69375
512,t512fwcomp,comp,3951.0,0.6309523816619601,0.8572368425758261,True,0.6541666686534882
512,t512fwcomp,comp,865.0,0.6540178571428571,0.935032894736842,True,0.6697916686534882
512,t512fwcomp,comp,2097.0,0.6502976204667773,0.8268092109968788,True,0.7041666686534882
512,t512fwcomp,comp,5778.0,0.6510416673762458,0.9777960526315792,True,0.678125
512,t512fwcomp,comp,4901.0,0.6302083347524915,0.7904605261589351,True,0.6822916686534881
512,t512fwcomp,comp,9743.0,0.6398809530905315,0.919407894736842,True,0.6760416686534881
512,t512fwcomp,comp,3431.0,0.6398809530905315,0.7662828948936964,True,0.6729166686534882
512,t512fwcomp,comp,9073.0,0.6599702388048172,0.7531250001568544,True,0.6802083343267441
512,t512fwcomp,comp,6287.0,0.671875,0.8177631583652998,True,0.6791666686534882
512,t512fwcomp,comp,780.0,0.6763392857142857,0.9226973684210528,True,0.6947916686534882
512,t512fwcomp,comp,5353.0,0.6108630959476743,0.7194078948936964,True,0.6822916686534881
512,t512fwcomp,comp,9224.0,0.6525297633239201,0.8024671054200122,True,0.671875
512,t512fwcomp,comp,6507.0,0.6376488102333886,0.9391447368421052,True,0.6979166686534881
512,t512fwcomp,comp,9087.0,0.6532738102333886,0.9679276315789472,True,0.6854166686534882
512,t512fwcomp,comp,9380.0,0.623511906181063,0.90625,True,0.6635416686534882
512,t512fwcomp,comp,6641.0,0.6212797633239201,0.9424342105263158,True,0.6854166686534882
512,t512fwcomp,comp,1484.0,0.6532738102333886,0.7662828948936964,True,0.6635416686534882
512,t512fwcomp,comp,3564.0,0.6458333347524915,0.9490131578947368,True,0.6822916686534881
512,t512fwcomp,comp,8887.0,0.6666666673762458,0.9720394736842104,True,0.6885416686534882
512,t512fwcomp,comp,7522.0,0.6294642857142857,0.7256578952074051,True,0.6822916686534881
512,t512fwcomp,comp,2128.0,0.6428571428571429,0.8185855267863524,True,0.6697916686534882
512,t512fwcomp,comp,8775.0,0.6458333347524915,0.7621710527884332,True,0.6854166686534882
512,t512fwcomp,comp,4108.0,0.6421130959476743,0.8843750004705629,True,0.6854166686534882
512,t512fwcomp,comp,7090.0,0.6488095245191029,0.9317434210526316,True,0.6760416686534881
512,t512fwcomp,comp,9317.0,0.6056547633239201,0.8786184215231946,True,0.6822916686534881
512,t512fwcomp,comp,6517.0,0.6175595245191029,0.8884868425758261,True,0.6729166686534882
512,t512fwcomp,comp,2446.0,0.6123511918953487,0.9876644736842104,True,0.6958333343267441
512,t512fwcomp,comp,2160.0,0.6473214285714286,0.9851973684210528,True,0.7
512,t512fwcomp,comp,2828.0,0.6101190490382058,0.9498355263157896,True,0.678125
512,t512fwcomp,comp,1897.0,0.6755952388048172,0.8473684215231946,True,0.659375
512,t512fwcomp,comp,3817.0,0.6555059530905315,0.9251644736842104,True,0.6666666686534881
512,t512fwcomp,comp,3244.0,0.6421130959476743,0.9189144741547736,True,0.6822916686534881
512,t512fwcomp,comp,8229.0,0.6220238102333886,0.8457236846810893,True,0.6822916686534881
512,t512fwcomp,comp,8275.0,0.6428571428571429,0.7519736846810893,True,0.6625
512,t512fwcomp,comp,8922.0,0.670386906181063,0.9189144741547736,True,0.6604166686534881
512,t512fwcomp,comp,9836.0,0.6681547633239201,0.751480263314749,True,0.6822916686534881
512,t512fwcomp,comp,5362.0,0.6264880959476743,0.8503289473684209,True,0.7010416686534882
512,t512fwcomp,comp,8427.0,0.6510416673762458,0.8333881583652998,True,0.68125
512,t512fwcomp,comp,7396.0,0.6175595245191029,0.9300986842105264,True,0.690625
512,t512fwcomp,comp,3869.0,0.6413690490382058,0.9827302631578948,True,0.6760416686534881
512,t512fwcomp,comp,4803.0,0.6160714285714286,0.7925986843673807,True,0.6760416686534881
512,t512fwcomp,comp,6556.0,0.6733630959476743,0.7674342103694615,True,0.6791666686534882
512,t512fwcomp,comp,33.0,0.6205357142857143,0.7029605264726438,True,0.671875
512,t512fwcomp,comp,1921.0,0.6510416673762458,0.9490131578947368,True,0.6947916686534882
512,t512fwcomp,comp,6042.0,0.6629464285714286,0.9884868421052632,True,0.6760416686534881
512,t512fwcomp,comp,1454.0,0.6473214285714286,0.7065789472115668,True,0.6760416686534881
512,t512fwcomp,comp,4876.0,0.6398809530905315,0.9440789473684208,True,0.6822916686534881
512,t512fwcomp,comp,1658.0,0.6532738102333886,0.9736842105263158,True,0.6697916686534882
512,t512fwcomp,comp,6244.0,0.6532738102333886,0.9588815789473684,True,0.659375
512,t512fwcomp,comp,9817.0,0.65625,0.9597039473684208,True,0.671875
512,t512fwcomp,comp,2463.0,0.6465773816619601,0.8513157893168298,True,0.6760416686534881
512,t512fwcomp,comp,1908.0,0.6376488102333886,0.8481907899442472,True,0.7010416686534882
512,t512fwcomp,comp,7203.0,0.6242559530905315,0.7695723685779069,True,0.6697916686534882
512,t512fwcomp,comp,3113.0,0.6465773816619601,0.9095394736842104,True,0.6791666686534882
512,t512fwcomp,comp,5911.0,0.6480654776096344,0.9934210526315792,True,0.6791666686534882
512,t512fwcomp,comp,9664.0,0.6398809530905315,0.7889802636284577,True,0.684375
512,t512fwcomp,comp,1307.0,0.6458333347524915,0.90625,True,0.6760416686534881
512,t512fwcomp,comp,956.0,0.6577380959476743,0.9860197368421052,True,0.6791666686534882
512,t512fwcomp,comp,7210.0,0.6450892857142857,0.8695723688916156,True,0.6760416686534881
512,t512fwcomp,comp,3420.0,0.6369047633239201,0.782730263314749,True,0.671875
512,t512fwcomp,comp,9362.0,0.6443452388048172,0.8320723685779069,True,0.6760416686534881
512,t512fwcomp,comp,6277.0,0.6488095245191029,0.9498355263157896,True,0.6875
512,t512fwcomp,comp,454.0,0.6711309530905315,0.9449013157894736,True,0.69375
512,t512fwcomp,comp,3951.0,0.6309523816619601,0.8572368425758261,True,0.6541666686534882
512,t512fwcomp,comp,865.0,0.6540178571428571,0.935032894736842,True,0.6697916686534882
512,t512fwcomp,comp,2097.0,0.6502976204667773,0.8268092109968788,True,0.7041666686534882
512,t512fwcomp,comp,5778.0,0.6510416673762458,0.9777960526315792,True,0.678125
512,t512fwcomp,comp,4901.0,0.6302083347524915,0.7904605261589351,True,0.6822916686534881
512,t512fwcomp,comp,9743.0,0.6398809530905315,0.919407894736842,True,0.6760416686534881
512,t512fwcomp,comp,3431.0,0.6398809530905315,0.7662828948936964,True,0.6729166686534882
512,t512fwcomp,comp,9073.0,0.6599702388048172,0.7531250001568544,True,0.6802083343267441
512,t512fwcomp,comp,6287.0,0.671875,0.8177631583652998,True,0.6791666686534882
512,t512fwcomp,comp,780.0,0.6763392857142857,0.9226973684210528,True,0.6947916686534882
512,t512fwcomp,comp,5353.0,0.6108630959476743,0.7194078948936964,True,0.6822916686534881
512,t512fwcomp,comp,9224.0,0.6525297633239201,0.8024671054200122,True,0.671875
512,t512fwcomp,comp,6507.0,0.6376488102333886,0.9391447368421052,True,0.6979166686534881
512,t512fwcomp,comp,9087.0,0.6532738102333886,0.9679276315789472,True,0.6854166686534882
512,t512fwcomp,comp,9380.0,0.623511906181063,0.90625,True,0.6635416686534882
512,t512fwcomp,comp,6641.0,0.6212797633239201,0.9424342105263158,True,0.6854166686534882
512,t512fwcomp,comp,1484.0,0.6532738102333886,0.7662828948936964,True,0.6635416686534882
512,t512fwcomp,comp,3564.0,0.6458333347524915,0.9490131578947368,True,0.6822916686534881
512,t512fwcomp,comp,8887.0,0.6666666673762458,0.9720394736842104,True,0.6885416686534882
512,t512fwcomp,comp,7522.0,0.6294642857142857,0.7256578952074051,True,0.6822916686534881
512,t512fwcomp,comp,2128.0,0.6428571428571429,0.8185855267863524,True,0.6697916686534882
512,t512fwcomp,comp,8775.0,0.6458333347524915,0.7621710527884332,True,0.6854166686534882
512,t512fwcomp,comp,4108.0,0.6421130959476743,0.8843750004705629,True,0.6854166686534882
512,t512fwcomp,comp,7090.0,0.6488095245191029,0.9317434210526316,True,0.6760416686534881
512,t512fwcomp,comp,9317.0,0.6056547633239201,0.8786184215231946,True,0.6822916686534881
512,t512fwcomp,comp,6517.0,0.6175595245191029,0.8884868425758261,True,0.6729166686534882
512,t512fwcomp,comp,2446.0,0.6123511918953487,0.9876644736842104,True,0.6958333343267441
512,t512fwcomp,comp,2160.0,0.6473214285714286,0.9851973684210528,True,0.7
512,t512fwcomp,comp,2828.0,0.6101190490382058,0.9498355263157896,True,0.678125
512,t512fwcomp,comp,1897.0,0.6755952388048172,0.8473684215231946,True,0.659375
512,t512fwcomp,comp,3817.0,0.6555059530905315,0.9251644736842104,True,0.6666666686534881
512,t512fwcomp,comp,3244.0,0.6421130959476743,0.9189144741547736,True,0.6822916686534881
512,t512fwcomp,comp,8229.0,0.6220238102333886,0.8457236846810893,True,0.6822916686534881
512,t512fwcomp,comp,8275.0,0.6428571428571429,0.7519736846810893,True,0.6625
512,t512fwcomp,comp,8922.0,0.670386906181063,0.9189144741547736,True,0.6604166686534881
512,t512fwcomp,comp,9836.0,0.6681547633239201,0.751480263314749,True,0.6822916686534881
512,t512fwcomp,comp,5362.0,0.6264880959476743,0.8503289473684209,True,0.7010416686534882
512,t512fwcomp,comp,8427.0,0.6510416673762458,0.8333881583652998,True,0.68125
512,t512fwcomp,comp,7396.0,0.6175595245191029,0.9300986842105264,True,0.690625
512,t512fwcomp,comp,3869.0,0.6413690490382058,0.9827302631578948,True,0.6760416686534881
512,t512fwcomp,comp,4803.0,0.6160714285714286,0.7925986843673807,True,0.6760416686534881
512,t512fwcomp,comp,6556.0,0.6733630959476743,0.7674342103694615,True,0.6791666686534882
512,t512fwcomp,comp,33.0,0.6205357142857143,0.7029605264726438,True,0.671875
512,t512fwcomp,comp,1921.0,0.6510416673762458,0.9490131578947368,True,0.6947916686534882
512,t512fwcomp,comp,6042.0,0.6629464285714286,0.9884868421052632,True,0.6760416686534881
512,t512fwcomp,comp,1454.0,0.6473214285714286,0.7065789472115668,True,0.6760416686534881
512,t512fwcomp,comp,4876.0,0.6398809530905315,0.9440789473684208,True,0.6822916686534881
512,t512fwcomp,comp,1658.0,0.6532738102333886,0.9736842105263158,True,0.6697916686534882
512,t512fwcomp,comp,6244.0,0.6532738102333886,0.9588815789473684,True,0.659375
512,t512fwcomp,comp,9817.0,0.65625,0.9597039473684208,True,0.671875
512,t512fwcomp,comp,2463.0,0.6465773816619601,0.8513157893168298,True,0.6760416686534881
512,t512fwcomp,comp,1908.0,0.6376488102333886,0.8481907899442472,True,0.7010416686534882
512,t512fwcomp,comp,7203.0,0.6242559530905315,0.7695723685779069,True,0.6697916686534882
512,t512fwcomp,comp,3113.0,0.6465773816619601,0.9095394736842104,True,0.6791666686534882
512,t512fwcomp,comp,5911.0,0.6480654776096344,0.9934210526315792,True,0.6791666686534882
512,t512fwcomp,comp,9664.0,0.6398809530905315,0.7889802636284577,True,0.684375
512,t512fwcomp,comp,1307.0,0.6458333347524915,0.90625,True,0.6760416686534881
512,t512fwcomp,comp,956.0,0.6577380959476743,0.9860197368421052,True,0.6791666686534882
512,t512fwcomp,comp,7210.0,0.6450892857142857,0.8695723688916156,True,0.6760416686534881
512,r512fwcomp,comp,663.0,0.6287202388048172,0.9123355267863524,False,0.6625
512,r512fwcomp,comp,7245.0,0.5959821428571429,0.7296052630010404,False,0.667708334326744
512,r512fwcomp,comp,9134.0,0.6279761918953487,0.8399671057337209,False,0.6885416686534882
512,r512fwcomp,comp,7325.0,0.625,0.8251644741547736,False,0.6854166686534882
512,r512fwcomp,comp,7413.0,0.6153273816619601,0.8029605267863524,False,0.6760416686534881
512,r512fwcomp,comp,9443.0,0.6436011918953487,0.7215460531021419,False,0.6760416686534881
512,r512fwcomp,comp,5.0,0.6168154776096344,0.7177631580515912,False,0.6572916686534882
512,r512fwcomp,comp,2166.0,0.6108630959476743,0.8884868425758261,False,0.6895833343267441
512,r512fwcomp,comp,4390.0,0.6361607142857143,0.7824013162600366,False,0.6791666686534882
512,r512fwcomp,comp,4887.0,0.6220238102333886,0.7848684215231946,False,0.6729166686534882
512,r512fwcomp,comp,4411.0,0.6019345245191029,0.7057565787905141,False,0.6822916686534881
512,r512fwcomp,comp,3687.0,0.6205357142857143,0.7300986843673807,False,0.6604166686534881
512,r512fwcomp,comp,4759.0,0.6376488102333886,0.7248355267863524,False,0.6666666686534881
512,r512fwcomp,comp,8101.0,0.6197916673762458,0.8695723688916156,False,0.665625
512,r512fwcomp,comp,7353.0,0.6436011918953487,0.8366776320495104,False,0.6666666686534881
512,r512fwcomp,comp,841.0,0.6138392857142857,0.8745065794179314,False,0.6697916686534882
512,r512fwcomp,comp,2598.0,0.6220238102333886,0.9046052631578948,False,0.6791666686534882
512,r512fwcomp,comp,3463.0,0.640625,0.7909539475252754,False,0.665625
512,r512fwcomp,comp,1954.0,0.6324404776096344,0.7379934215231946,False,0.6729166686534882
512,r512fwcomp,comp,5471.0,0.5944940490382058,0.9468750004705628,False,0.6510416686534881
512,r512fwcomp,comp,4242.0,0.6056547633239201,0.7353618419484088,False,0.6854166686534882
512,r512fwcomp,comp,8286.0,0.6517857142857143,0.8531250004705629,False,0.7041666686534882
512,r512fwcomp,comp,3029.0,0.6473214285714286,0.7256578952074051,False,0.66875
512,r512fwcomp,comp,9318.0,0.6011904776096344,0.9835526315789472,False,0.6875
512,r512fwcomp,comp,9259.0,0.609375,0.7824013162600366,False,0.675
512,r512fwcomp,comp,9776.0,0.6264880959476743,0.7807565794179314,False,0.6604166686534881
512,r512fwcomp,comp,5991.0,0.623511906181063,0.8350328952074051,False,0.6760416686534881
512,r512fwcomp,comp,7309.0,0.6034226204667773,0.7799342109968788,False,0.6927083343267441
512,r512fwcomp,comp,4262.0,0.6056547633239201,0.8317434215231946,False,0.6791666686534882
512,r512fwcomp,comp,686.0,0.6205357142857143,0.751480263314749,False,0.6666666686534881
512,r512fwcomp,comp,4373.0,0.6004464285714286,0.6939144738410649,False,0.671875
512,r512fwcomp,comp,9342.0,0.6049107142857143,0.7564144738410649,False,0.6791666686534882
512,r512fwcomp,comp,4211.0,0.6108630959476743,0.7766447373126683,False,0.6697916686534882
512,r512fwcomp,comp,5131.0,0.625,0.7585526320495104,False,0.6729166686534882
512,r512fwcomp,comp,1795.0,0.5959821428571429,0.6851973682641983,False,0.6625
512,r512fwcomp,comp,2042.0,0.5915178571428571,0.7210526317358017,False,0.6604166686534881
512,r512fwcomp,comp,5017.0,0.6264880959476743,0.7876644738410649,False,0.6697916686534882
512,r512fwcomp,comp,5672.0,0.640625,0.8197368422621175,False,0.6854166686534882
512,r512fwcomp,comp,3489.0,0.5639880959476743,0.8300986846810893,False,0.6604166686534881
512,r512fwcomp,comp,1936.0,0.6316964285714286,0.7741776320495104,False,0.6604166686534881
512,r512fwcomp,comp,6626.0,0.6041666673762458,0.9284539473684208,False,0.6760416686534881
512,r512fwcomp,comp,4256.0,0.6019345245191029,0.7309210527884332,False,0.6979166686534881
512,r512fwcomp,comp,8422.0,0.6004464285714286,0.8506578952074051,False,0.653125
512,r512fwcomp,comp,892.0,0.6056547633239201,0.6848684212094859,False,0.6625
512,r512fwcomp,comp,8705.0,0.6309523816619601,0.7955592109968788,False,0.6635416686534882
512,r512fwcomp,comp,7325.0,0.6376488102333886,0.8016447369989596,False,0.659375
512,r512fwcomp,comp,75.0,0.6413690490382058,0.8271381580515912,False,0.6760416686534881
512,r512fwcomp,comp,989.0,0.6197916673762458,0.7753289475252754,False,0.6947916686534882
512,r512fwcomp,comp,8457.0,0.6324404776096344,0.7835526317358017,False,0.6572916686534882
512,r512fwcomp,comp,697.0,0.6063988102333886,0.7200657897873929,False,0.6697916686534882
512,r512fwcomp,comp,6731.0,0.6160714285714286,0.7856907899442472,False,0.6697916686534882
512,r512fwcomp,comp,1448.0,0.6339285714285714,0.7750000004705629,False,0.6854166686534882
512,r512fwcomp,comp,4114.0,0.5833333347524915,0.9613486842105264,False,0.6916666686534881
512,r512fwcomp,comp,1670.0,0.5974702388048172,0.9572368421052632,False,0.671875
512,r512fwcomp,comp,7978.0,0.6041666673762458,0.7462171057337209,False,0.6760416686534881
512,r512fwcomp,comp,823.0,0.5907738102333886,0.9217105264726438,False,0.6854166686534882
512,r512fwcomp,comp,1843.0,0.5997023816619601,0.8118421051063036,False,0.6729166686534882
512,r512fwcomp,comp,3158.0,0.5967261918953487,0.7972039478389841,False,0.6697916686534882
512,r512fwcomp,comp,2105.0,0.6197916673762458,0.8078947373126683,False,0.6885416686534882
512,r512fwcomp,comp,9245.0,0.6205357142857143,0.7330592109968788,False,0.6822916686534881
512,r512fwcomp,comp,7990.0,0.6339285714285714,0.7180921051063036,False,0.6635416686534882
512,r512fwcomp,comp,3003.0,0.6183035714285714,0.8838815791042227,False,0.6666666686534881
512,r512fwcomp,comp,9926.0,0.6183035714285714,0.8036184208957773,False,0.6635416686534882
512,r512fwcomp,comp,5511.0,0.6130952388048172,0.7914473688916156,False,0.6822916686534881
512,r512fwcomp,comp,7373.0,0.6071428571428571,0.8383223688916156,False,0.6822916686534881
512,r512fwcomp,comp,5406.0,0.6175595245191029,0.903782894736842,False,0.6791666686534882
512,r512fwcomp,comp,7721.0,0.6473214285714286,0.8057565791042227,False,0.6666666686534881
512,r512fwcomp,comp,2126.0,0.5907738102333886,0.8559210527884332,False,0.6635416686534882
512,r512fwcomp,comp,8701.0,0.6376488102333886,0.8057565791042227,False,0.6791666686534882
512,r512fwcomp,comp,860.0,0.6205357142857143,0.7371710531021419,False,0.6760416686534881
512,r512fwcomp,comp,14.0,0.6309523816619601,0.8115131580515912,False,0.6729166686534882
512,r512fwcomp,comp,2702.0,0.592261906181063,0.770723684053672,False,0.6729166686534882
512,r512fwcomp,comp,3347.0,0.6369047633239201,0.704605263314749,False,0.6625
512,r512fwcomp,comp,3904.0,0.5967261918953487,0.8287828948936964,False,0.6697916686534882
512,r512fwcomp,comp,7960.0,0.5967261918953487,0.7067434215231946,False,0.65625
512,r512fwcomp,comp,356.0,0.609375,0.7215460531021419,False,0.675
512,r512fwcomp,comp,4859.0,0.6220238102333886,0.8358552636284577,False,0.683333334326744
512,r512fwcomp,comp,3977.0,0.5952380959476743,0.7223684215231946,False,0.6697916686534882
512,r512fwcomp,comp,9352.0,0.5863095245191029,0.7037828948936964,False,0.65
512,r512fwcomp,comp,9764.0,0.6443452388048172,0.9580592105263158,False,0.6916666686534881
512,r512fwcomp,comp,3253.0,0.6220238102333886,0.782730263314749,False,0.6666666686534881
512,r512fwcomp,comp,2506.0,0.609375,0.7794407896305385,False,0.6697916686534882
512,r512fwcomp,comp,314.0,0.6168154776096344,0.8246710527884332,False,0.6697916686534882
512,r512fwcomp,comp,5257.0,0.6361607142857143,0.7624999998431456,False,0.6729166686534882
512,r512fwcomp,comp,5413.0,0.6056547633239201,0.8358552636284577,False,0.684375
512,r512fwcomp,comp,4546.0,0.6183035714285714,0.8925986846810893,False,0.6885416686534882
512,r512fwcomp,comp,4774.0,0.6220238102333886,0.9605263157894736,False,0.6572916686534882
512,r512fwcomp,comp,6942.0,0.6175595245191029,0.8276315794179314,False,0.6697916686534882
512,r512fwcomp,comp,176.0,0.6160714285714286,0.8131578948936964,False,0.6822916686534881
512,r512fwcomp,comp,6973.0,0.5997023816619601,0.7111842106831702,False,0.6760416686534881
512,r512fwcomp,comp,4067.0,0.625,0.7753289475252754,False,0.6666666686534881
512,r512fwcomp,comp,5495.0,0.5892857142857143,0.7251644738410649,False,0.6572916686534882
512,r512fwcomp,comp,6669.0,0.6309523816619601,0.7807565794179314,False,0.6541666686534882
512,r512fwcomp,comp,6992.0,0.6212797633239201,0.7580592106831702,False,0.6822916686534881
512,r512fwcomp,comp,1437.0,0.6339285714285714,0.7967105264726438,False,0.6885416686534882
512,r512fwcomp,comp,4882.0,0.6339285714285714,0.7963815794179314,False,0.6791666686534882
512,r512fwcomp,comp,27.0,0.5952380959476743,0.7185855264726438,False,0.6791666686534882
512,r512fwcomp,comp,1168.0,0.6101190490382058,0.8851973688916156,False,0.6729166686534882
512,r512fwcomp,comp,8367.0,0.625,0.720230263314749,False,0.6791666686534882
512,r512fwcomp,comp,9906.0,0.6875,0.8455592103694615,False,0.675
512,r512fwcomp,comp,249.0,0.6197916673762458,0.8111842109968788,False,0.6572916686534882
512,r512fwcomp,comp,3303.0,0.6123511918953487,0.8218750004705629,False,0.6760416686534881
512,r512fwcomp,comp,4632.0,0.6383928571428571,0.8169407899442472,False,0.6572916686534882
512,r512fwcomp,comp,3044.0,0.6242559530905315,0.7264802636284577,False,0.6635416686534882
512,r512fwcomp,comp,189.0,0.6034226204667773,0.8802631583652998,False,0.675
512,r512fwcomp,comp,3699.0,0.6138392857142857,0.7300986843673807,False,0.6510416686534881
512,r512fwcomp,comp,5025.0,0.5892857142857143,0.7379934215231946,False,0.6635416686534882
512,r512fwcomp,comp,3086.0,0.6242559530905315,0.7805921051063036,False,0.671875
512,r512fwcomp,comp,7580.0,0.6175595245191029,0.7889802636284577,False,0.6822916686534881
512,r512fwcomp,comp,741.0,0.6316964285714286,0.7717105267863524,False,0.6666666686534881
512,r512fwcomp,comp,6898.0,0.5773809530905315,0.7120065791042227,False,0.6604166686534881
512,r512fwcomp,comp,9527.0,0.6629464285714286,0.8148026317358017,False,0.671875
512,r512fwcomp,comp,1546.0,0.6063988102333886,0.7338815794179314,False,0.6854166686534882
512,r512fwcomp,comp,5346.0,0.6138392857142857,0.7555921054200122,False,0.6666666686534881
512,r512fwcomp,comp,2419.0,0.640625,0.8284539478389841,False,0.6822916686534881
512,r512fwcomp,comp,5320.0,0.6257440490382058,0.7347039478389841,False,0.665625
512,r512fwcomp,comp,9126.0,0.6279761918953487,0.7753289475252754,False,0.6697916686534882
512,r512fwcomp,comp,352.0,0.6197916673762458,0.7720394738410649,False,0.68125
512,r512fwcomp,comp,8485.0,0.607886906181063,0.7865131583652998,False,0.6635416686534882
512,r512fwcomp,comp,7675.0,0.6168154776096344,0.7638157896305385,False,0.6708333343267441
512,r512fwcomp,comp,1686.0,0.6458333347524915,0.8243421057337209,False,0.6697916686534882
512,r512fwcomp,comp,5971.0,0.5870535714285714,0.7588815791042227,False,0.6666666686534881
512,r512fwcomp,comp,5506.0,0.6205357142857143,0.9292763157894736,False,0.675
512,r512fwcomp,comp,3222.0,0.6056547633239201,0.7613486843673807,False,0.6635416686534882
512,r512fwcomp,comp,2120.0,0.6205357142857143,0.7799342109968788,False,0.6729166686534882
512,r512fwcomp,comp,8577.0,0.6123511918953487,0.8268092109968788,False,0.6666666686534881
512,r512fwcomp,comp,1657.0,0.607886906181063,0.8708881578947368,False,0.6697916686534882
512,r512fwcomp,comp,118.0,0.6019345245191029,0.8539473688916156,False,0.7041666686534882
512,r512fwcomp,comp,1410.0,0.6168154776096344,0.8090460527884332,False,0.6697916686534882
512,r512fwcomp,comp,4887.0,0.6592261918953487,0.7675986846810893,False,0.6854166686534882
512,r512fwcomp,comp,7065.0,0.6063988102333886,0.8440789478389841,False,0.6760416686534881
512,r512fwcomp,comp,6426.0,0.5974702388048172,0.7194078948936964,False,0.6604166686534881
512,r512fwcomp,comp,2696.0,0.6324404776096344,0.8827302636284577,False,0.6697916686534882
512,r512fwcomp,comp,5265.0,0.6279761918953487,0.8555921057337209,False,0.6697916686534882
512,r512fwcomp,comp,3165.0,0.6168154776096344,0.9013157894736842,False,0.6729166686534882
512,r512fwcomp,comp,2872.0,0.6220238102333886,0.7766447373126683,False,0.6760416686534881
512,r512fwcomp,comp,4980.0,0.6101190490382058,0.713651315946328,False,0.6729166686534882
512,r512fwcomp,comp,4403.0,0.6138392857142857,0.7355263162600366,False,0.6635416686534882
512,r512fwcomp,comp,1010.0,0.5997023816619601,0.9251644736842104,False,0.6645833343267441
512,r512fwcomp,comp,1754.0,0.6264880959476743,0.7580592106831702,False,0.6666666686534881
512,r512fwcomp,comp,5392.0,0.6123511918953487,0.8276315794179314,False,0.6635416686534882
512,r512fwcomp,comp,4466.0,0.6398809530905315,0.7947368425758261,False,0.6760416686534881
512,r512fwcomp,comp,7377.0,0.6361607142857143,0.7560855267863524,False,0.6635416686534882
512,r512fwcomp,comp,2041.0,0.6153273816619601,0.9057565794179314,False,0.6666666686534881
512,r512fwcomp,comp,8733.0,0.6049107142857143,0.7462171057337209,False,0.6697916686534882
512,r512fwcomp,comp,3230.0,0.6495535714285714,0.7379934215231946,False,0.6666666686534881
512,r512fwcomp,comp,1910.0,0.6049107142857143,0.7618421057337209,False,0.6604166686534881
512,r512fwcomp,comp,1665.0,0.6339285714285714,0.7725328952074051,False,0.66875
512,r512fwcomp,comp,3523.0,0.639136906181063,0.6922697369989596,False,0.66875
512,r512fwcomp,comp,6445.0,0.6324404776096344,0.720230263314749,False,0.665625
512,r512fwcomp,comp,5712.0,0.6279761918953487,0.8501644738410649,False,0.6791666686534882
512,r512fwcomp,comp,128.0,0.625,0.7083881583652998,False,0.6510416686534881
512,r512fwcomp,comp,2013.0,0.6056547633239201,0.7807565794179314,False,0.6760416686534881
512,r512fwcomp,comp,9571.0,0.6294642857142857,0.9312500004705628,False,0.671875
512,r512fwcomp,comp,5276.0,0.5863095245191029,0.9621710526315792,False,0.7041666686534882
512,r512fwcomp,comp,3716.0,0.6197916673762458,0.7909539475252754,False,0.6666666686534881
512,r512fwcomp,comp,3742.0,0.6495535714285714,0.8460526317358017,False,0.6822916686534881
512,r512fwcomp,comp,603.0,0.6130952388048172,0.9172697373126684,False,0.6822916686534881
512,r512fwcomp,comp,4775.0,0.6242559530905315,0.7832236846810893,False,0.6666666686534881
512,r512fwcomp,comp,9939.0,0.6257440490382058,0.744901315946328,False,0.6729166686534882
512,r512fwcomp,comp,2632.0,0.6339285714285714,0.7925986843673807,False,0.6604166686534881
512,r512fwcomp,comp,8865.0,0.6205357142857143,0.8325657899442472,False,0.6635416686534882
512,r512fwcomp,comp,6807.0,0.6160714285714286,0.8194078952074051,False,0.671875
512,r512fwcomp,comp,100.0,0.6168154776096344,0.8399671057337209,False,0.6604166686534881
512,r512fwcomp,comp,3340.0,0.5952380959476743,0.7679276317358017,False,0.6854166686534882
512,r512fwcomp,comp,1920.0,0.6175595245191029,0.8424342109968788,False,0.6635416686534882
512,r512fwcomp,comp,6617.0,0.6183035714285714,0.7276315791042227,False,0.65625
512,r512fwcomp,comp,7721.0,0.6473214285714286,0.8057565791042227,False,0.6666666686534881
512,r512fwcomp,comp,2126.0,0.5907738102333886,0.8559210527884332,False,0.6635416686534882
512,r512fwcomp,comp,8701.0,0.6376488102333886,0.8057565791042227,False,0.6791666686534882
512,r512fwcomp,comp,860.0,0.6205357142857143,0.7371710531021419,False,0.6760416686534881
512,r512fwcomp,comp,14.0,0.6309523816619601,0.8115131580515912,False,0.6729166686534882
512,r512fwcomp,comp,2702.0,0.592261906181063,0.770723684053672,False,0.6729166686534882
512,r512fwcomp,comp,3347.0,0.6369047633239201,0.704605263314749,False,0.6625
512,r512fwcomp,comp,3904.0,0.5967261918953487,0.8287828948936964,False,0.6697916686534882
512,r512fwcomp,comp,7960.0,0.5967261918953487,0.7067434215231946,False,0.65625
512,r512fwcomp,comp,356.0,0.609375,0.7215460531021419,False,0.675
512,r512fwcomp,comp,4859.0,0.6220238102333886,0.8358552636284577,False,0.683333334326744
512,r512fwcomp,comp,3977.0,0.5952380959476743,0.7223684215231946,False,0.6697916686534882
512,r512fwcomp,comp,9352.0,0.5863095245191029,0.7037828948936964,False,0.65
512,r512fwcomp,comp,9764.0,0.6443452388048172,0.9580592105263158,False,0.6916666686534881
512,r512fwcomp,comp,3253.0,0.6220238102333886,0.782730263314749,False,0.6666666686534881
512,r512fwcomp,comp,2506.0,0.609375,0.7794407896305385,False,0.6697916686534882
512,r512fwcomp,comp,314.0,0.6168154776096344,0.8246710527884332,False,0.6697916686534882
512,r512fwcomp,comp,5257.0,0.6361607142857143,0.7624999998431456,False,0.6729166686534882
512,r512fwcomp,comp,5413.0,0.6056547633239201,0.8358552636284577,False,0.684375
512,r512fwcomp,comp,4546.0,0.6183035714285714,0.8925986846810893,False,0.6885416686534882
512,r512fwcomp,comp,4774.0,0.6220238102333886,0.9605263157894736,False,0.6572916686534882
512,r512fwcomp,comp,6942.0,0.6175595245191029,0.8276315794179314,False,0.6697916686534882
512,r512fwcomp,comp,176.0,0.6160714285714286,0.8131578948936964,False,0.6822916686534881
512,r512fwcomp,comp,6973.0,0.5997023816619601,0.7111842106831702,False,0.6760416686534881
512,r512fwcomp,comp,4067.0,0.625,0.7753289475252754,False,0.6666666686534881
512,r512fwcomp,comp,5495.0,0.5892857142857143,0.7251644738410649,False,0.6572916686534882
512,r512fwcomp,comp,6669.0,0.6309523816619601,0.7807565794179314,False,0.6541666686534882
512,r512fwcomp,comp,6992.0,0.6212797633239201,0.7580592106831702,False,0.6822916686534881
512,r512fwcomp,comp,1437.0,0.6339285714285714,0.7967105264726438,False,0.6885416686534882
512,r512fwcomp,comp,4882.0,0.6339285714285714,0.7963815794179314,False,0.6791666686534882
512,r512fwcomp,comp,27.0,0.5952380959476743,0.7185855264726438,False,0.6791666686534882
512,r512fwcomp,comp,1168.0,0.6101190490382058,0.8851973688916156,False,0.6729166686534882
512,r512fwcomp,comp,8367.0,0.625,0.720230263314749,False,0.6791666686534882
640,t640fwcomprw2,comprw2,663.0,0.5974702388048172,0.9342105263157896,True,0.678125
640,t640fwcomprw2,comprw2,2840.0,0.607886906181063,0.8049342106831702,True,0.6822916686534881
640,t640fwcomprw2,comprw2,6422.0,0.6450892857142857,0.8822368422621175,True,0.6760416686534881
640,t640fwcomprw2,comprw2,2945.0,0.6153273816619601,0.8029605267863524,True,0.6791666686534882
640,t640fwcomprw2,comprw2,2376.0,0.6145833347524915,0.845230263314749,True,0.683333334326744
640,t640fwcomprw2,comprw2,6094.0,0.5535714285714286,0.7004934212094859,True,0.65625
640,t640fwcomprw2,comprw2,7265.0,0.5885416673762458,0.7314144741547736,True,0.6697916686534882
640,t640fwcomprw2,comprw2,8378.0,0.6205357142857143,0.9893092105263158,True,0.665625
640,t640fwcomprw2,comprw2,9213.0,0.6264880959476743,0.7996710531021419,True,0.6895833343267441
640,t640fwcomprw2,comprw2,9647.0,0.5811011918953487,0.7473684212094859,True,0.684375
640,t640fwcomprw2,comprw2,7552.0,0.6049107142857143,0.6983552630010404,True,0.671875
640,t640fwcomprw2,comprw2,3866.0,0.5900297633239201,0.8967105267863524,True,0.6697916686534882
640,t640fwcomprw2,comprw2,739.0,0.6220238102333886,0.8218750004705629,True,0.667708334326744
640,t640fwcomprw2,comprw2,5294.0,0.5967261918953487,0.676973684053672,True,0.6489583343267441
640,t640fwcomprw2,comprw2,4276.0,0.6599702388048172,0.8485197369989596,True,0.6895833343267441
640,t640fwcomprw2,comprw2,3546.0,0.6197916673762458,0.9375,True,0.6979166686534881
640,t640fwcomprw2,comprw2,5083.0,0.6160714285714286,0.9613486842105264,True,0.68125
640,t640fwcomprw2,comprw2,5421.0,0.592261906181063,0.7345394735273562,True,0.6666666686534881
640,t640fwcomprw2,comprw2,4751.0,0.6264880959476743,0.8078947373126683,True,0.675
640,t640fwcomprw2,comprw2,7833.0,0.6063988102333886,0.8611842103694615,True,0.6697916686534882
640,t640fwcomprw2,comprw2,4242.0,0.5967261918953487,0.7848684215231946,True,0.6791666686534882
640,t640fwcomprw2,comprw2,1000.0,0.5877976204667773,0.735855263314749,True,0.6697916686534882
640,t640fwcomprw2,comprw2,2999.0,0.6436011918953487,0.9383223684210528,True,0.6822916686534881
640,t640fwcomprw2,comprw2,2558.0,0.6183035714285714,0.8041118422621175,True,0.6885416686534882
640,t640fwcomprw2,comprw2,8294.0,0.5885416673762458,0.8884868425758261,True,0.6666666686534881
640,t640fwcomprw2,comprw2,2502.0,0.5602678571428571,0.8251644741547736,True,0.6760416686534881
640,t640fwcomprw2,comprw2,5670.0,0.6056547633239201,0.8773026317358017,True,0.7010416686534882
640,t640fwcomprw2,comprw2,1463.0,0.5788690490382058,0.720230263314749,True,0.684375
640,t640fwcomprw2,comprw2,6782.0,0.6041666673762458,0.698026315946328,True,0.659375
640,t640fwcomprw2,comprw2,8865.0,0.6294642857142857,0.8810855267863524,True,0.6916666686534881
640,t640fwcomprw2,comprw2,6807.0,0.6153273816619601,0.8478618421052632,True,0.6760416686534881
640,t640fwcomprw2,comprw2,1857.0,0.6421130959476743,0.8013157899442472,True,0.6854166686534882
640,t640fwcomprw2,comprw2,6096.0,0.6019345245191029,0.7555921054200122,True,0.6885416686534882
640,t640fwcomprw2,comprw2,2863.0,0.6287202388048172,0.7254934208957773,True,0.6697916686534882
640,t640fwcomprw2,comprw2,3379.0,0.6063988102333886,0.7814144735273562,True,0.6708333343267441
640,t640fwcomprw2,comprw2,2805.0,0.5744047633239201,0.8472039472115668,True,0.6697916686534882
640,t640fwcomprw2,comprw2,5244.0,0.5982142857142857,0.7294407894736842,True,0.6666666686534881
640,t640fwcomprw2,comprw2,4526.0,0.5930059530905315,0.7654605264726438,True,0.6822916686534881
640,t640fwcomprw2,comprw2,9261.0,0.5900297633239201,0.7325657896305385,True,0.6645833343267441
640,t640fwcomprw2,comprw2,3007.0,0.6324404776096344,0.9312500004705628,True,0.671875
640,t640fwcomprw2,comprw2,8802.0,0.6168154776096344,0.8246710527884332,True,0.6760416686534881
640,t640fwcomprw2,comprw2,1808.0,0.5930059530905315,0.9070723684210528,True,0.678125
640,t640fwcomprw2,comprw2,340.0,0.5855654776096344,0.7128289475252754,True,0.6625
640,t640fwcomprw2,comprw2,8006.0,0.5736607142857143,0.6945723687347612,True,0.6760416686534881
640,t640fwcomprw2,comprw2,2025.0,0.6056547633239201,0.7399671054200122,True,0.66875
640,t640fwcomprw2,comprw2,9072.0,0.6361607142857143,0.8304276317358017,True,0.6822916686534881
640,t640fwcomprw2,comprw2,9859.0,0.6130952388048172,0.7675986846810893,True,0.6729166686534882
640,t640fwcomprw2,comprw2,6775.0,0.6294642857142857,0.798355263314749,True,0.6885416686534882
640,t640fwcomprw2,comprw2,1782.0,0.5558035714285714,0.7029605264726438,True,0.6854166686534882
640,t640fwcomprw2,comprw2,3881.0,0.6465773816619601,0.9169407894736842,True,0.6947916686534882
640,t640fwcomprw2,comprw2,8693.0,0.576636906181063,0.6898026317358017,True,0.675
640,t640fwcomprw2,comprw2,699.0,0.609375,0.7777960527884332,True,0.66875
640,t640fwcomprw2,comprw2,1523.0,0.5580357142857143,0.6847039476821297,True,0.6697916686534882
640,t640fwcomprw2,comprw2,3105.0,0.607886906181063,0.8646381583652998,True,0.690625
640,t640fwcomprw2,comprw2,5757.0,0.609375,0.860855263314749,True,0.6875
640,t640fwcomprw2,comprw2,6018.0,0.5677083347524915,0.7070723685779069,True,0.684375
640,t640fwcomprw2,comprw2,139.0,0.6145833347524915,0.9032894741547736,True,0.646875
640,t640fwcomprw2,comprw2,8946.0,0.6019345245191029,0.8592105264726438,True,0.6791666686534882
640,t640fwcomprw2,comprw2,3845.0,0.6086309530905315,0.8723684212094859,True,0.6739583343267441
640,t640fwcomprw2,comprw2,1978.0,0.5974702388048172,0.8284539478389841,True,0.6760416686534881
640,t640fwcomprw2,comprw2,5691.0,0.5982142857142857,0.7169407896305385,True,0.6666666686534881
640,t640fwcomprw2,comprw2,6214.0,0.6584821428571429,0.8366776320495104,True,0.6947916686534882
640,t640fwcomprw2,comprw2,5829.0,0.6212797633239201,0.8057565791042227,True,0.6979166686534881
640,t640fwcomprw2,comprw2,5233.0,0.5892857142857143,0.704605263314749,True,0.6666666686534881
640,t640fwcomprw2,comprw2,8921.0,0.5952380959476743,0.8552631578947368,True,0.6791666686534882
640,t640fwcomprw2,comprw2,4704.0,0.6026785714285714,0.8345394738410649,True,0.683333334326744
640,t640fwcomprw2,comprw2,212.0,0.6145833347524915,0.7662828948936964,True,0.6604166686534881
640,t640fwcomprw2,comprw2,1144.0,0.6026785714285714,0.8008223685779069,True,0.6697916686534882
640,t640fwcomprw2,comprw2,8091.0,0.5773809530905315,0.7148026314220931,True,0.6760416686534881
640,t640fwcomprw2,comprw2,3428.0,0.6063988102333886,0.8481907899442472,True,0.6625
640,t640fwcomprw2,comprw2,3924.0,0.6160714285714286,0.6955592106831702,True,0.6791666686534882
640,t640fwcomprw2,comprw2,1164.0,0.6101190490382058,0.7939144741547736,True,0.675
640,t640fwcomprw2,comprw2,7387.0,0.6502976204667773,0.9547697368421052,True,0.6770833343267441
640,t640fwcomprw2,comprw2,2270.0,0.6168154776096344,0.7712171054200122,True,0.6927083343267441
640,t640fwcomprw2,comprw2,9479.0,0.6145833347524915,0.7856907899442472,True,0.6885416686534882
640,t640fwcomprw2,comprw2,399.0,0.5602678571428571,0.8449013162600366,True,0.69375
640,t640fwcomprw2,comprw2,3316.0,0.5967261918953487,0.7169407896305385,True,0.6760416686534881
640,t640fwcomprw2,comprw2,7566.0,0.6316964285714286,0.8185855267863524,True,0.6572916686534882
640,t640fwcomprw2,comprw2,2418.0,0.5811011918953487,0.7424342106831702,True,0.6729166686534882
640,t640fwcomprw2,comprw2,9987.0,0.5535714285714286,0.6605263156326193,True,0.665625
640,t640fwcomprw2,comprw2,4455.0,0.6220238102333886,0.9085526317358016,True,0.6947916686534882
640,t640fwcomprw2,comprw2,6868.0,0.6443452388048172,0.7493421051063036,True,0.6645833343267441
640,t640fwcomprw2,comprw2,7658.0,0.5982142857142857,0.7366776317358017,True,0.6760416686534881
640,t640fwcomprw2,comprw2,967.0,0.609375,0.7728618422621175,True,0.6697916686534882
640,t640fwcomprw2,comprw2,9838.0,0.6138392857142857,0.7468749998431456,True,0.6979166686534881
640,t640fwcomprw2,comprw2,6596.0,0.6086309530905315,0.8740131580515912,True,0.6697916686534882
640,t640fwcomprw2,comprw2,6677.0,0.6086309530905315,0.9263157899442472,True,0.68125
640,t640fwcomprw2,comprw2,1776.0,0.6116071428571429,0.7717105267863524,True,0.6625
640,t640fwcomprw2,comprw2,7899.0,0.5930059530905315,0.8840460526315791,True,0.6885416686534882
640,t640fwcomprw2,comprw2,3004.0,0.5796130959476743,0.7254934208957773,True,0.6625
640,t640fwcomprw2,comprw2,2312.0,0.5796130959476743,0.7452302630010404,True,0.6729166686534882
640,t640fwcomprw2,comprw2,2753.0,0.6279761918953487,0.8412828947368421,True,0.683333334326744
640,t640fwcomprw2,comprw2,4016.0,0.6071428571428571,0.7634868425758261,True,0.6604166686534881
640,t640fwcomprw2,comprw2,2128.0,0.6011904776096344,0.7950657896305385,True,0.6864583343267441
640,t640fwcomprw2,comprw2,8775.0,0.6086309530905315,0.9366776315789472,True,0.6666666686534881
640,t640fwcomprw2,comprw2,5567.0,0.6398809530905315,0.8988486842105263,True,0.6895833343267441
640,t640fwcomprw2,comprw2,2794.0,0.6011904776096344,0.8078947373126683,True,0.698958334326744
640,t640fwcomprw2,comprw2,8248.0,0.6242559530905315,0.9958881578947368,True,0.690625
640,t640fwcomprw2,comprw2,9042.0,0.6049107142857143,0.7333881580515912,True,0.6885416686534882
640,t640fwcomprw2,comprw2,1958.0,0.5825892857142857,0.8613486846810893,True,0.6625
640,t640fwcomprw2,comprw2,5786.0,0.5989583347524915,0.7593750004705629,True,0.6760416686534881
640,t640fwcomprw2,comprw2,8742.0,0.5982142857142857,0.8690789475252754,True,0.6822916686534881
640,t640fwcomprw2,comprw2,2399.0,0.59375,0.7791118425758261,True,0.6791666686534882
640,t640fwcomprw2,comprw2,6387.0,0.6309523816619601,0.8435855264726438,True,0.6697916686534882
640,t640fwcomprw2,comprw2,5257.0,0.5736607142857143,0.6865131580515912,True,0.66875
640,t640fwcomprw2,comprw2,9467.0,0.6346726204667773,0.7942434212094859,True,0.6760416686534881
640,t640fwcomprw2,comprw2,9793.0,0.6130952388048172,0.908717105263158,True,0.6802083343267441
640,t640fwcomprw2,comprw2,3105.0,0.607886906181063,0.8646381583652998,True,0.690625
640,t640fwcomprw2,comprw2,5757.0,0.609375,0.860855263314749,True,0.6875
640,t640fwcomprw2,comprw2,6018.0,0.5677083347524915,0.7070723685779069,True,0.684375
640,t640fwcomprw2,comprw2,139.0,0.6145833347524915,0.9032894741547736,True,0.646875
640,t640fwcomprw2,comprw2,8946.0,0.6019345245191029,0.8592105264726438,True,0.6791666686534882
640,t640fwcomprw2,comprw2,3845.0,0.6086309530905315,0.8723684212094859,True,0.6739583343267441
640,t640fwcomprw2,comprw2,1978.0,0.5974702388048172,0.8284539478389841,True,0.6760416686534881
640,t640fwcomprw2,comprw2,5691.0,0.5982142857142857,0.7169407896305385,True,0.6666666686534881
640,t640fwcomprw2,comprw2,6214.0,0.6584821428571429,0.8366776320495104,True,0.6947916686534882
640,t640fwcomprw2,comprw2,5829.0,0.6212797633239201,0.8057565791042227,True,0.6979166686534881
640,t640fwcomprw2,comprw2,5233.0,0.5892857142857143,0.704605263314749,True,0.6666666686534881
640,t640fwcomprw2,comprw2,8921.0,0.5952380959476743,0.8552631578947368,True,0.6791666686534882
640,t640fwcomprw2,comprw2,4704.0,0.6026785714285714,0.8345394738410649,True,0.683333334326744
640,t640fwcomprw2,comprw2,212.0,0.6145833347524915,0.7662828948936964,True,0.6604166686534881
640,t640fwcomprw2,comprw2,1144.0,0.6026785714285714,0.8008223685779069,True,0.6697916686534882
640,t640fwcomprw2,comprw2,8091.0,0.5773809530905315,0.7148026314220931,True,0.6760416686534881
640,t640fwcomprw2,comprw2,3428.0,0.6063988102333886,0.8481907899442472,True,0.6625
640,t640fwcomprw2,comprw2,3924.0,0.6160714285714286,0.6955592106831702,True,0.6791666686534882
640,t640fwcomprw2,comprw2,1164.0,0.6101190490382058,0.7939144741547736,True,0.675
640,t640fwcomprw2,comprw2,7387.0,0.6502976204667773,0.9547697368421052,True,0.6770833343267441
640,t640fwcomprw2,comprw2,2270.0,0.6168154776096344,0.7712171054200122,True,0.6927083343267441
640,t640fwcomprw2,comprw2,9479.0,0.6145833347524915,0.7856907899442472,True,0.6885416686534882
640,t640fwcomprw2,comprw2,399.0,0.5602678571428571,0.8449013162600366,True,0.69375
640,t640fwcomprw2,comprw2,3316.0,0.5967261918953487,0.7169407896305385,True,0.6760416686534881
640,t640fwcomprw2,comprw2,7566.0,0.6316964285714286,0.8185855267863524,True,0.6572916686534882
640,t640fwcomprw2,comprw2,2418.0,0.5811011918953487,0.7424342106831702,True,0.6729166686534882
640,t640fwcomprw2,comprw2,9987.0,0.5535714285714286,0.6605263156326193,True,0.665625
640,t640fwcomprw2,comprw2,4455.0,0.6220238102333886,0.9085526317358016,True,0.6947916686534882
640,t640fwcomprw2,comprw2,6868.0,0.6443452388048172,0.7493421051063036,True,0.6645833343267441
640,t640fwcomprw2,comprw2,7658.0,0.5982142857142857,0.7366776317358017,True,0.6760416686534881
640,t640fwcomprw2,comprw2,967.0,0.609375,0.7728618422621175,True,0.6697916686534882
640,t640fwcomprw2,comprw2,9838.0,0.6138392857142857,0.7468749998431456,True,0.6979166686534881
640,t640fwcomprw2,comprw2,6596.0,0.6086309530905315,0.8740131580515912,True,0.6697916686534882
640,t640fwcomprw2,comprw2,6677.0,0.6086309530905315,0.9263157899442472,True,0.68125
640,t640fwcomprw2,comprw2,1776.0,0.6116071428571429,0.7717105267863524,True,0.6625
640,t640fwcomprw2,comprw2,7899.0,0.5930059530905315,0.8840460526315791,True,0.6885416686534882
640,t640fwcomprw2,comprw2,3004.0,0.5796130959476743,0.7254934208957773,True,0.6625
640,t640fwcomprw2,comprw2,2312.0,0.5796130959476743,0.7452302630010404,True,0.6729166686534882
640,t640fwcomprw2,comprw2,2753.0,0.6279761918953487,0.8412828947368421,True,0.683333334326744
640,t640fwcomprw2,comprw2,4016.0,0.6071428571428571,0.7634868425758261,True,0.6604166686534881
640,t640fwcomprw2,comprw2,2128.0,0.6011904776096344,0.7950657896305385,True,0.6864583343267441
640,t640fwcomprw2,comprw2,8775.0,0.6086309530905315,0.9366776315789472,True,0.6666666686534881
640,t640fwcomprw2,comprw2,5567.0,0.6398809530905315,0.8988486842105263,True,0.6895833343267441
640,t640fwcomprw2,comprw2,2794.0,0.6011904776096344,0.8078947373126683,True,0.698958334326744
640,t640fwcomprw2,comprw2,8248.0,0.6242559530905315,0.9958881578947368,True,0.690625
640,t640fwcomprw2,comprw2,9042.0,0.6049107142857143,0.7333881580515912,True,0.6885416686534882
640,t640fwcomprw2,comprw2,1958.0,0.5825892857142857,0.8613486846810893,True,0.6625
640,t640fwcomprw2,comprw2,5786.0,0.5989583347524915,0.7593750004705629,True,0.6760416686534881
640,t640fwcomprw2,comprw2,8742.0,0.5982142857142857,0.8690789475252754,True,0.6822916686534881
640,t640fwcomprw2,comprw2,2399.0,0.59375,0.7791118425758261,True,0.6791666686534882
640,t640fwcomprw2,comprw2,6387.0,0.6309523816619601,0.8435855264726438,True,0.6697916686534882
640,t640fwcomprw2,comprw2,5257.0,0.5736607142857143,0.6865131580515912,True,0.66875
640,t640fwcomprw2,comprw2,9467.0,0.6346726204667773,0.7942434212094859,True,0.6760416686534881
640,t640fwcomprw2,comprw2,9793.0,0.6130952388048172,0.908717105263158,True,0.6802083343267441
640,t640fwcomprw2,comprw2,3105.0,0.607886906181063,0.8646381583652998,True,0.690625
640,t640fwcomprw2,comprw2,5757.0,0.609375,0.860855263314749,True,0.6875
640,t640fwcomprw2,comprw2,6018.0,0.5677083347524915,0.7070723685779069,True,0.684375
640,t640fwcomprw2,comprw2,139.0,0.6145833347524915,0.9032894741547736,True,0.646875
640,t640fwcomprw2,comprw2,8946.0,0.6019345245191029,0.8592105264726438,True,0.6791666686534882
640,t640fwcomprw2,comprw2,3845.0,0.6086309530905315,0.8723684212094859,True,0.6739583343267441
640,t640fwcomprw2,comprw2,1978.0,0.5974702388048172,0.8284539478389841,True,0.6760416686534881
640,t640fwcomprw2,comprw2,5691.0,0.5982142857142857,0.7169407896305385,True,0.6666666686534881
640,t640fwcomprw2,comprw2,6214.0,0.6584821428571429,0.8366776320495104,True,0.6947916686534882
640,t640fwcomprw2,comprw2,5829.0,0.6212797633239201,0.8057565791042227,True,0.6979166686534881
640,t640fwcomprw2,comprw2,5233.0,0.5892857142857143,0.704605263314749,True,0.6666666686534881
640,t640fwcomprw2,comprw2,8921.0,0.5952380959476743,0.8552631578947368,True,0.6791666686534882
640,t640fwcomprw2,comprw2,4704.0,0.6026785714285714,0.8345394738410649,True,0.683333334326744
640,t640fwcomprw2,comprw2,212.0,0.6145833347524915,0.7662828948936964,True,0.6604166686534881
640,t640fwcomprw2,comprw2,1144.0,0.6026785714285714,0.8008223685779069,True,0.6697916686534882
640,t640fwcomprw2,comprw2,8091.0,0.5773809530905315,0.7148026314220931,True,0.6760416686534881
640,t640fwcomprw2,comprw2,3428.0,0.6063988102333886,0.8481907899442472,True,0.6625
640,t640fwcomprw2,comprw2,3924.0,0.6160714285714286,0.6955592106831702,True,0.6791666686534882
640,t640fwcomprw2,comprw2,1164.0,0.6101190490382058,0.7939144741547736,True,0.675
640,t640fwcomprw2,comprw2,7387.0,0.6502976204667773,0.9547697368421052,True,0.6770833343267441
640,t640fwcomprw2,comprw2,2270.0,0.6168154776096344,0.7712171054200122,True,0.6927083343267441
640,t640fwcomprw2,comprw2,9479.0,0.6145833347524915,0.7856907899442472,True,0.6885416686534882
640,t640fwcomprw2,comprw2,399.0,0.5602678571428571,0.8449013162600366,True,0.69375
640,t640fwcomprw2,comprw2,3316.0,0.5967261918953487,0.7169407896305385,True,0.6760416686534881
640,t640fwcomprw2,comprw2,7566.0,0.6316964285714286,0.8185855267863524,True,0.6572916686534882
640,t640fwcomprw2,comprw2,2418.0,0.5811011918953487,0.7424342106831702,True,0.6729166686534882
640,t640fwcomprw2,comprw2,9987.0,0.5535714285714286,0.6605263156326193,True,0.665625
640,t640fwcomprw2,comprw2,4455.0,0.6220238102333886,0.9085526317358016,True,0.6947916686534882
640,t640fwcomprw2,comprw2,6868.0,0.6443452388048172,0.7493421051063036,True,0.6645833343267441
640,t640fwcomprw2,comprw2,7658.0,0.5982142857142857,0.7366776317358017,True,0.6760416686534881
640,t640fwcomprw2,comprw2,967.0,0.609375,0.7728618422621175,True,0.6697916686534882
640,t640fwcomprw2,comprw2,9838.0,0.6138392857142857,0.7468749998431456,True,0.6979166686534881
640,t640fwcomprw2,comprw2,6596.0,0.6086309530905315,0.8740131580515912,True,0.6697916686534882
640,t640fwcomprw2,comprw2,6677.0,0.6086309530905315,0.9263157899442472,True,0.68125
640,t640fwcomprw2,comprw2,1776.0,0.6116071428571429,0.7717105267863524,True,0.6625
640,t640fwcomprw2,comprw2,7899.0,0.5930059530905315,0.8840460526315791,True,0.6885416686534882
640,t640fwcomprw2,comprw2,3004.0,0.5796130959476743,0.7254934208957773,True,0.6625
640,t640fwcomprw2,comprw2,2312.0,0.5796130959476743,0.7452302630010404,True,0.6729166686534882
640,t640fwcomprw2,comprw2,2753.0,0.6279761918953487,0.8412828947368421,True,0.683333334326744
100,r100fwcomp,comp,663.0,0.5982142857142857,0.764144736685251,False,0.6510416686534881
100,r100fwcomp,comp,7245.0,0.6555059530905315,0.7741776320495104,False,0.6760416686534881
100,r100fwcomp,comp,4986.0,0.6026785714285714,0.9013157894736842,False,0.6885416686534882
100,r100fwcomp,comp,5202.0,0.6354166673762458,0.8695723688916156,False,0.6697916686534882
100,r100fwcomp,comp,9628.0,0.6130952388048172,0.9580592105263158,False,0.6822916686534881
100,r100fwcomp,comp,3573.0,0.6331845245191029,0.7675986846810893,False,0.671875
100,r100fwcomp,comp,2751.0,0.6450892857142857,0.8317434215231946,False,0.6760416686534881
100,r100fwcomp,comp,4917.0,0.6502976204667773,0.7440789475252754,False,0.6729166686534882
100,r100fwcomp,comp,5086.0,0.6540178571428571,0.8189144738410649,False,0.6645833343267441
100,r100fwcomp,comp,6542.0,0.6331845245191029,0.8731907896305385,False,0.6625
100,r100fwcomp,comp,1301.0,0.6502976204667773,0.8687500004705629,False,0.6666666686534881
100,r100fwcomp,comp,4908.0,0.6272321428571429,0.8758223684210527,False,0.6791666686534882
100,r100fwcomp,comp,9592.0,0.6428571428571429,0.9449013157894737,False,0.6802083343267441
100,r100fwcomp,comp,2965.0,0.6488095245191029,0.7708881583652998,False,0.68125
100,r100fwcomp,comp,7196.0,0.6331845245191029,0.7542763156326193,False,0.6635416686534882
100,r100fwcomp,comp,6690.0,0.6354166673762458,0.8078947373126683,False,0.671875
100,r100fwcomp,comp,1994.0,0.6309523816619601,0.901151315946328,False,0.6760416686534881
100,r100fwcomp,comp,8486.0,0.6138392857142857,0.7259868422621175,False,0.66875
100,r100fwcomp,comp,3933.0,0.6011904776096344,0.7733552636284577,False,0.6791666686534882
100,r100fwcomp,comp,415.0,0.640625,0.9399671052631579,False,0.6791666686534882
100,r100fwcomp,comp,4242.0,0.6227678571428571,0.7679276317358017,False,0.65625
100,r100fwcomp,comp,441.0,0.6227678571428571,0.7662828948936964,False,0.6635416686534882
100,r100fwcomp,comp,8517.0,0.6116071428571429,0.8325657899442472,False,0.6666666686534881
100,r100fwcomp,comp,2175.0,0.6264880959476743,0.9449013157894737,False,0.6822916686534881
100,r100fwcomp,comp,6574.0,0.6212797633239201,0.8580592109968788,False,0.6635416686534882
100,r100fwcomp,comp,8601.0,0.639136906181063,0.9925986842105263,False,0.678125
100,r100fwcomp,comp,8916.0,0.6056547633239201,0.9177631578947368,False,0.6916666686534881
100,r100fwcomp,comp,2247.0,0.6205357142857143,0.8564144741547736,False,0.6947916686534882
100,r100fwcomp,comp,7186.0,0.609375,0.8848684210526315,False,0.6875
100,r100fwcomp,comp,4344.0,0.6212797633239201,0.8259868425758261,False,0.6822916686534881
100,r100fwcomp,comp,5082.0,0.6428571428571429,0.8226973688916156,False,0.6916666686534881
100,r100fwcomp,comp,9673.0,0.6287202388048172,0.7029605264726438,False,0.66875
100,r100fwcomp,comp,8894.0,0.5997023816619601,0.7577302636284577,False,0.6729166686534882
100,r100fwcomp,comp,5359.0,0.6443452388048172,0.8728618425758261,False,0.6697916686534882
100,r100fwcomp,comp,3398.0,0.6145833347524915,0.8276315794179314,False,0.6635416686534882
100,r100fwcomp,comp,3436.0,0.6331845245191029,0.8197368422621175,False,0.6625
100,r100fwcomp,comp,459.0,0.6316964285714286,0.8444078948936964,False,0.6822916686534881
100,r100fwcomp,comp,2531.0,0.6354166673762458,0.9070723684210527,False,0.6875
100,r100fwcomp,comp,9524.0,0.6465773816619601,0.8330592105263158,False,0.6666666686534881
100,r100fwcomp,comp,2031.0,0.6383928571428571,0.8284539478389841,False,0.6666666686534881
100,r100fwcomp,comp,7009.0,0.6421130959476743,0.8819078952074051,False,0.6822916686534881
100,r100fwcomp,comp,9163.0,0.5952380959476743,0.7659539478389841,False,0.6760416686534881
100,r100fwcomp,comp,6488.0,0.6398809530905315,0.8353618422621175,False,0.6822916686534881
100,r100fwcomp,comp,1694.0,0.6004464285714286,0.953125,False,0.678125
100,r100fwcomp,comp,3743.0,0.6369047633239201,0.7618421057337209,False,0.6885416686534882
100,r100fwcomp,comp,8729.0,0.6242559530905315,0.8120065794179314,False,0.6635416686534882
100,r100fwcomp,comp,6184.0,0.6212797633239201,0.8396381578947368,False,0.6729166686534882
100,r100fwcomp,comp,2807.0,0.6383928571428571,0.7613486843673807,False,0.6729166686534882
100,r100fwcomp,comp,74.0,0.6309523816619601,0.9572368421052632,False,0.66875
100,r100fwcomp,comp,4410.0,0.6741071428571429,0.9177631578947368,False,0.6791666686534882
100,r100fwcomp,comp,7665.0,0.6510416673762458,0.8703947373126683,False,0.6770833343267441
100,r100fwcomp,comp,4829.0,0.6421130959476743,0.807401315946328,False,0.6729166686534882
100,r100fwcomp,comp,5618.0,0.6488095245191029,0.8342105267863524,False,0.6760416686534881
100,r100fwcomp,comp,4187.0,0.6175595245191029,0.8194078952074051,False,0.6666666686534881
100,r100fwcomp,comp,8363.0,0.6227678571428571,0.8325657899442472,False,0.65625
100,r100fwcomp,comp,9435.0,0.6063988102333886,0.8884868425758261,False,0.6729166686534882
100,r100fwcomp,comp,9066.0,0.6480654776096344,0.7161184212094859,False,0.678125
100,r100fwcomp,comp,8230.0,0.625,0.7700657899442472,False,0.6635416686534882
100,r100fwcomp,comp,4834.0,0.6532738102333886,0.8988486842105263,False,0.68125
100,r100fwcomp,comp,5325.0,0.6153273816619601,0.8794407899442472,False,0.6854166686534882
100,r100fwcomp,comp,8683.0,0.6413690490382058,0.8939144736842105,False,0.675
100,r100fwcomp,comp,284.0,0.6361607142857143,0.9021381578947368,False,0.6864583343267441
100,r100fwcomp,comp,6191.0,0.6458333347524915,0.8504934208957773,False,0.6666666686534881
100,r100fwcomp,comp,344.0,0.6294642857142857,0.9761513157894737,False,0.6708333343267441
100,r100fwcomp,comp,3625.0,0.6227678571428571,0.8185855267863524,False,0.6697916686534882
100,r100fwcomp,comp,3682.0,0.6398809530905315,0.8980263157894737,False,0.6729166686534882
100,r100fwcomp,comp,7976.0,0.6324404776096344,0.9523026315789473,False,0.690625
100,r100fwcomp,comp,2711.0,0.6108630959476743,0.7018092109968788,False,0.6625
100,r100fwcomp,comp,8891.0,0.6376488102333886,0.9032894741547736,False,0.7041666686534882
100,r100fwcomp,comp,3684.0,0.654761906181063,0.977796052631579,False,0.7
100,r100fwcomp,comp,9102.0,0.6532738102333886,0.8470394736842105,False,0.6635416686534882
100,r100fwcomp,comp,1554.0,0.6279761918953487,0.9416118421052632,False,0.684375
100,r100fwcomp,comp,3944.0,0.6145833347524915,0.9662828947368421,False,0.6697916686534882
100,r100fwcomp,comp,8138.0,0.6473214285714286,0.8251644741547736,False,0.6729166686534882
100,r100fwcomp,comp,4029.0,0.6540178571428571,0.9366776315789473,False,0.6760416686534881
100,r100fwcomp,comp,3522.0,0.6398809530905315,0.8337171054200122,False,0.6791666686534882
100,r100fwcomp,comp,8563.0,0.6294642857142857,0.8991776320495104,False,0.6729166686534882
100,r100fwcomp,comp,5321.0,0.6116071428571429,0.9013157894736842,False,0.684375
100,r100fwcomp,comp,7831.0,0.6428571428571429,0.9057565794179314,False,0.6822916686534881
100,r100fwcomp,comp,6670.0,0.607886906181063,0.8375000004705629,False,0.678125
100,r100fwcomp,comp,5353.0,0.6242559530905315,0.8243421057337209,False,0.6854166686534882
100,r100fwcomp,comp,5421.0,0.6584821428571429,0.7552631583652998,False,0.6822916686534881
100,r100fwcomp,comp,6624.0,0.6428571428571429,0.8370065791042227,False,0.6697916686534882
100,r100fwcomp,comp,817.0,0.6443452388048172,0.9300986842105263,False,0.6916666686534881
100,r100fwcomp,comp,770.0,0.6309523816619601,0.7715460524747246,False,0.6760416686534881
100,r100fwcomp,comp,516.0,0.6465773816619601,0.8202302636284577,False,0.6854166686534882
100,r100fwcomp,comp,9225.0,0.6287202388048172,0.7585526320495104,False,0.6791666686534882
100,r100fwcomp,comp,4429.0,0.6532738102333886,0.868421052631579,False,0.6635416686534882
100,r100fwcomp,comp,5694.0,0.6398809530905315,0.8646381583652998,False,0.675
100,r100fwcomp,comp,4380.0,0.6502976204667773,0.8342105267863524,False,0.6791666686534882
100,r100fwcomp,comp,8540.0,0.6331845245191029,0.699177631422093,False,0.6822916686534881
100,r100fwcomp,comp,1760.0,0.6316964285714286,0.7281250004705629,False,0.66875
100,r100fwcomp,comp,3365.0,0.6376488102333886,0.8226973688916156,False,0.6760416686534881
100,r100fwcomp,comp,7649.0,0.639136906181063,0.8700657894736842,False,0.6760416686534881
100,r100fwcomp,comp,4467.0,0.6383928571428571,0.7708881583652998,False,0.6947916686534882
100,r100fwcomp,comp,2786.0,0.6495535714285714,0.7666118419484088,False,0.6635416686534882
100,r100fwcomp,comp,948.0,0.6369047633239201,0.8093749998431456,False,0.6822916686534881
100,r100fwcomp,comp,3042.0,0.6153273816619601,0.9243421052631579,False,0.6635416686534882
100,r100fwcomp,comp,7696.0,0.6540178571428571,0.90625,False,0.678125
100,r100fwcomp,comp,205.0,0.6294642857142857,0.8213815791042227,False,0.6791666686534882
100,r100fwcomp,comp,5301.0,0.6175595245191029,0.8407894741547736,False,0.6729166686534882
100,r100fwcomp,comp,176.0,0.6056547633239201,0.7774671057337209,False,0.659375
100,r100fwcomp,comp,7386.0,0.6197916673762458,0.7662828948936964,False,0.6697916686534882
100,r100fwcomp,comp,3063.0,0.6287202388048172,0.9251644736842105,False,0.684375
100,r100fwcomp,comp,859.0,0.6242559530905315,0.8309210531021419,False,0.6697916686534882
100,r100fwcomp,comp,9249.0,0.6316964285714286,0.9325657894736842,False,0.6666666686534881
100,r100fwcomp,comp,177.0,0.6354166673762458,0.7569078952074051,False,0.6822916686534881
100,r100fwcomp,comp,1236.0,0.623511906181063,0.7585526320495104,False,0.6697916686534882
100,r100fwcomp,comp,200.0,0.6026785714285714,0.8412828947368421,False,0.696875
100,r100fwcomp,comp,1653.0,0.607886906181063,0.9728618421052632,False,0.6666666686534881
100,r100fwcomp,comp,7812.0,0.6212797633239201,0.8202302636284577,False,0.6697916686534882
100,r100fwcomp,comp,8171.0,0.6116071428571429,0.8120065794179314,False,0.6708333343267441
100,r100fwcomp,comp,4251.0,0.625,0.7552631583652998,False,0.675
100,r100fwcomp,comp,9405.0,0.640625,0.9432565789473685,False,0.684375
100,r100fwcomp,comp,6865.0,0.6287202388048172,0.8929276317358017,False,0.6697916686534882
100,r100fwcomp,comp,5374.0,0.625,0.7555921054200122,False,0.6697916686534882
100,r100fwcomp,comp,2678.0,0.639136906181063,0.7684210531021419,False,0.6635416686534882
100,r100fwcomp,comp,4397.0,0.6569940490382058,0.8268092109968788,False,0.6625
100,r100fwcomp,comp,1824.0,0.640625,0.8873355263157895,False,0.6822916686534881
100,r100fwcomp,comp,5354.0,0.6480654776096344,0.7621710527884332,False,0.6635416686534882
100,r100fwcomp,comp,109.0,0.6294642857142857,0.6972039475252754,False,0.646875
100,r100fwcomp,comp,1075.0,0.6264880959476743,0.8218750004705629,False,0.6604166686534881
100,r100fwcomp,comp,9508.0,0.6220238102333886,0.704605263314749,False,0.659375
100,r100fwcomp,comp,779.0,0.6175595245191029,0.7687500001568544,False,0.6604166686534881
100,r100fwcomp,comp,3110.0,0.6138392857142857,0.8720394741547736,False,0.6572916686534882
100,r100fwcomp,comp,1463.0,0.6264880959476743,0.7700657899442472,False,0.678125
100,r100fwcomp,comp,6189.0,0.65625,0.707072368577907,False,0.675
100,r100fwcomp,comp,3845.0,0.6369047633239201,0.8202302636284577,False,0.6802083343267441
100,r100fwcomp,comp,5976.0,0.6227678571428571,0.8185855267863524,False,0.6635416686534882
100,r100fwcomp,comp,7906.0,0.6004464285714286,0.9078947368421053,False,0.68125
100,r100fwcomp,comp,7899.0,0.6257440490382058,0.7692434215231946,False,0.65625
100,r100fwcomp,comp,5059.0,0.623511906181063,0.8613486846810893,False,0.6510416686534881
100,r100fwcomp,comp,4290.0,0.6272321428571429,0.7947368425758261,False,0.6916666686534881
100,r100fwcomp,comp,3674.0,0.6398809530905315,0.8930921052631579,False,0.6885416686534882
100,r100fwcomp,comp,1419.0,0.6413690490382058,0.90625,False,0.6729166686534882
100,r100fwcomp,comp,1217.0,0.6421130959476743,0.8328947369989596,False,0.6822916686534881
100,r100fwcomp,comp,3780.0,0.6339285714285714,0.9457236842105263,False,0.65625
100,r100fwcomp,comp,8057.0,0.6376488102333886,0.7585526320495104,False,0.68125
100,r100fwcomp,comp,741.0,0.6354166673762458,0.7560855267863524,False,0.6822916686534881
100,r100fwcomp,comp,8538.0,0.6331845245191029,0.8449013162600366,False,0.678125
100,r100fwcomp,comp,9371.0,0.6346726204667773,0.8259868425758261,False,0.6729166686534882
100,r100fwcomp,comp,9595.0,0.6130952388048172,0.7667763162600366,False,0.6854166686534882
100,r100fwcomp,comp,5974.0,0.6175595245191029,0.9695723684210527,False,0.70625
100,r100fwcomp,comp,5144.0,0.6101190490382058,0.8865131578947368,False,0.6791666686534882
100,r100fwcomp,comp,4970.0,0.6354166673762458,0.8218750004705629,False,0.6635416686534882
100,r100fwcomp,comp,526.0,0.623511906181063,0.7667763162600366,False,0.6947916686534882
100,r100fwcomp,comp,8749.0,0.640625,0.7569078952074051,False,0.6729166686534882
100,r100fwcomp,comp,6894.0,0.6242559530905315,0.7062500001568544,False,0.65625
100,r100fwcomp,comp,4952.0,0.6116071428571429,0.9345394741547736,False,0.6822916686534881
100,r100fwcomp,comp,7966.0,0.6398809530905315,0.953125,False,0.6916666686534881
100,r100fwcomp,comp,4145.0,0.6383928571428571,0.8317434215231946,False,0.6916666686534881
100,r100fwcomp,comp,7076.0,0.6294642857142857,0.8103618425758261,False,0.6729166686534882
100,r100fwcomp,comp,6659.0,0.671875,0.7651315794179314,False,0.65
100,r100fwcomp,comp,6326.0,0.6212797633239201,0.8950657899442472,False,0.6916666686534881
100,r100fwcomp,comp,8636.0,0.623511906181063,0.9712171052631579,False,0.675
100,r100fwcomp,comp,1317.0,0.6339285714285714,0.7717105267863524,False,0.66875
100,r100fwcomp,comp,8549.0,0.6480654776096344,0.8046052636284577,False,0.6572916686534882
100,r100fwcomp,comp,785.0,0.6495535714285714,0.96875,False,0.6729166686534882
100,r100fwcomp,comp,8074.0,0.6153273816619601,0.8592105264726438,False,0.6729166686534882
100,r100fwcomp,comp,1600.0,0.6316964285714286,0.8909539478389841,False,0.6666666686534881
100,r100fwcomp,comp,6954.0,0.6190476204667773,0.8370065791042227,False,0.6729166686534882
100,r100fwcomp,comp,3164.0,0.6049107142857143,0.7638157896305385,False,0.6666666686534881
100,r100fwcomp,comp,7516.0,0.6383928571428571,0.9386513162600366,False,0.675
100,r100fwcomp,comp,7369.0,0.6049107142857143,0.8493421054200122,False,0.6635416686534882
100,r100fwcomp,comp,7476.0,0.6376488102333886,0.8383223688916156,False,0.6625
100,r100fwcomp,comp,7443.0,0.6428571428571429,0.8391447373126683,False,0.6635416686534882
100,r100fwcomp,comp,7262.0,0.6421130959476743,0.8963815789473685,False,0.6885416686534882
100,r100fwcomp,comp,5671.0,0.5892857142857143,0.6947368422621175,False,0.65625
100,r100fwcomp,comp,4344.0,0.6212797633239201,0.8259868425758261,False,0.6822916686534881
100,r100fwcomp,comp,5082.0,0.6428571428571429,0.8226973688916156,False,0.6916666686534881
100,r100fwcomp,comp,9673.0,0.6287202388048172,0.7029605264726438,False,0.66875
100,r100fwcomp,comp,8894.0,0.5997023816619601,0.7577302636284577,False,0.6729166686534882
100,r100fwcomp,comp,5359.0,0.6443452388048172,0.8728618425758261,False,0.6697916686534882
100,r100fwcomp,comp,3398.0,0.6145833347524915,0.8276315794179314,False,0.6635416686534882
100,r100fwcomp,comp,3436.0,0.6331845245191029,0.8197368422621175,False,0.6625
100,r100fwcomp,comp,459.0,0.6316964285714286,0.8444078948936964,False,0.6822916686534881
100,r100fwcomp,comp,2531.0,0.6354166673762458,0.9070723684210527,False,0.6875
100,r100fwcomp,comp,9524.0,0.6465773816619601,0.8330592105263158,False,0.6666666686534881
100,r100fwcomp,comp,2031.0,0.6383928571428571,0.8284539478389841,False,0.6666666686534881
100,r100fwcomp,comp,7009.0,0.6421130959476743,0.8819078952074051,False,0.6822916686534881
100,r100fwcomp,comp,9163.0,0.5952380959476743,0.7659539478389841,False,0.6760416686534881
100,r100fwcomp,comp,6488.0,0.6398809530905315,0.8353618422621175,False,0.6822916686534881
100,r100fwcomp,comp,1694.0,0.6004464285714286,0.953125,False,0.678125
100,r100fwcomp,comp,3743.0,0.6369047633239201,0.7618421057337209,False,0.6885416686534882
100,r100fwcomp,comp,8729.0,0.6242559530905315,0.8120065794179314,False,0.6635416686534882
100,r100fwcomp,comp,6184.0,0.6212797633239201,0.8396381578947368,False,0.6729166686534882
100,r100fwcomp,comp,2807.0,0.6383928571428571,0.7613486843673807,False,0.6729166686534882
100,r100fwcomp,comp,74.0,0.6309523816619601,0.9572368421052632,False,0.66875
100,r100fwcomp,comp,4410.0,0.6741071428571429,0.9177631578947368,False,0.6791666686534882
100,r100fwcomp,comp,7665.0,0.6510416673762458,0.8703947373126683,False,0.6770833343267441
100,r100fwcomp,comp,4829.0,0.6421130959476743,0.807401315946328,False,0.6729166686534882
100,r100fwcomp,comp,5618.0,0.6488095245191029,0.8342105267863524,False,0.6760416686534881
100,r100fwcomp,comp,4187.0,0.6175595245191029,0.8194078952074051,False,0.6666666686534881
100,r100fwcomp,comp,8363.0,0.6227678571428571,0.8325657899442472,False,0.65625
100,r100fwcomp,comp,9435.0,0.6063988102333886,0.8884868425758261,False,0.6729166686534882
100,r100fwcomp,comp,9066.0,0.6480654776096344,0.7161184212094859,False,0.678125
100,r100fwcomp,comp,8230.0,0.625,0.7700657899442472,False,0.6635416686534882
100,r100fwcomp,comp,4834.0,0.6532738102333886,0.8988486842105263,False,0.68125
100,r100fwcomp,comp,5325.0,0.6153273816619601,0.8794407899442472,False,0.6854166686534882
100,r100fwcomp,comp,8683.0,0.6413690490382058,0.8939144736842105,False,0.675
